round,final_epoch,final_miou,final_f1,labeled_size,grad_train_val_cos_last,selected_count,sampler_type,sampler_class,k_definition,decision_reason,selected_ids,u_mean,u_p75,k_mean,k_p75,selected_ids_count,grad_tvc_mean,grad_tvc_median,grad_tvc_min,grad_tvc_max,grad_tvc_last,grad_tvc_neg_rate,grad_epochs,overfit_risk,miou_gain,miou_gain_next,lambda_eff,overfit_risk_next,experiment_name,lambda_override,lambda_t,epochs,query_size,rollback_flag,miou_delta,last_miou
1,10,0.5990886048219608,0.6750890519865222,151,0.5736313373683165,88.0,bald,BALDSampler,,,"[1531, 1487, 2103, 1028, 849, 1532, 1619, 1577, 1486, 2066, 1439, 2147, 3706, 1396, 1304, 2095, 1030, 2495, 1441, 1627, 1752, 2367, 1628, 1573, 895, 2064, 2529, 2540, 2397, 1123, 1961, 1706, 1665, 2142, 3216, 2506, 2358, 2733, 3449, 2402, 1707, 940, 1621, 1076, 3160, 1394, 1526, 2396, 3661, 1503, 1031, 1576, 2370, 1530, 3659, 1277, 1677, 3658, 826, 2141, 2098, 1213, 1675, 1453, 3266, 1167, 1232, 2050, 1705, 804, 1664, 1413, 2099, 986, 2463, 2049, 1916, 1716, 1349, 1485, 2257, 1547, 2494, 1438, 2007, 916, 2353, 2021]",,,,,88.0,0.8776389731878966,0.9156574157033269,0.5736313373683165,0.9621723697719555,0.5736313373683165,0.0,10,0.0,,0.10085433365856566,,0.0,baseline_bald,,,,,,,
2,10,0.6999429384805265,0.7908727514664131,239,0.8620887801903337,88.0,bald,BALDSampler,,,"[2486, 2549, 2374, 2429, 2483, 545, 1012, 2485, 2375, 2342, 2453, 3455, 3499, 2392, 3444, 2466, 2460, 1001, 2395, 2006, 2373, 909, 2449, 2451, 2356, 2343, 2389, 2405, 2232, 90, 769, 2497, 945, 1150, 2378, 2393, 2778, 2484, 2404, 2186, 2536, 934, 2332, 827, 914, 2474, 1140, 3538, 861, 2473, 2300, 2352, 2327, 3262, 2387, 2388, 643, 782, 2459, 1998, 2284, 2394, 3389, 2376, 2447, 3500, 3248, 2441, 2360, 2427, 2418, 813, 2144, 2528, 2146, 2712, 2391, 959, 726, 3292, 3263, 131, 2340, 2556, 2563, 2701, 597, 918]",,,,,88.0,0.8870897233652253,0.9081680985313318,0.7448559780965629,0.9343314367042785,0.8620887801903337,0.0,10,0.0,0.10085433365856566,0.017673704888644393,,0.101042147400669,baseline_bald,,,,,,,
3,10,0.7176166433691709,0.8073283215554254,327,-0.0010421474006689778,88.0,bald,BALDSampler,,,"[1322, 3526, 3118, 3713, 1137, 542, 2268, 1141, 3493, 3307, 107, 815, 2182, 997, 288, 1368, 3312, 3256, 3304, 3293, 3494, 2143, 2183, 828, 871, 735, 1423, 1276, 1568, 3161, 3352, 3171, 3349, 641, 143, 1866, 3125, 3673, 783, 824, 2302, 1275, 1865, 3613, 3618, 2408, 825, 2523, 3391, 233, 390, 3539, 3347, 2790, 960, 604, 4, 834, 868, 3399, 603, 3215, 3750, 568, 3364, 1724, 1458, 1917, 1100, 2282, 3378, 2349, 1053, 2518, 1790, 3354, 3114, 1086, 3407, 3737, 2317, 1274, 1090, 2004, 731, 780, 505, 2475]",,,,,88.0,0.6335750613646701,0.6721527663858613,-0.0010421474006689778,0.8982841388186901,-0.0010421474006689778,0.1,10,0.101042147400669,0.017673704888644393,-0.0021183880778780084,,0.2676345485128828,baseline_bald,,,,,,,
4,10,0.7154982552912929,0.8048755829411169,415,-0.1676345485128828,88.0,bald,BALDSampler,,,"[50, 3219, 1002, 462, 2925, 42, 2865, 1227, 3353, 3534, 910, 523, 3751, 2896, 459, 958, 3525, 2809, 702, 2860, 957, 2783, 373, 2780, 553, 1147, 689, 692, 774, 1186, 3612, 1549, 863, 646, 1319, 236, 100, 822, 455, 1229, 2837, 417, 2893, 128, 1820, 2111, 1230, 3314, 1050, 2814, 3247, 3606, 1107, 2782, 1219, 2238, 2894, 329, 3718, 370, 3328, 2842, 1499, 845, 3164, 2056, 819, 1856, 3336, 1379, 419, 2088, 2061, 1825, 1726, 638, 1685, 996, 130, 1870, 2734, 1635, 2813, 1056, 546, 1184, 3580, 1372]",,,,,88.0,0.6549397064890796,0.7455022860061469,-0.1676345485128828,0.9128821654323165,-0.1676345485128828,0.1,10,0.2676345485128828,-0.0021183880778780084,0.0040271489103701485,,0.22538562955915903,baseline_bald,,,,,,,
5,10,0.719525404201663,0.8086975677833503,503,0.7535550135293818,88.0,bald,BALDSampler,,,"[2410, 1678, 1479, 3306, 2667, 1065, 2316, 1305, 675, 3522, 2403, 737, 1973, 2690, 3660, 446, 1883, 1913, 2371, 1676, 453, 3727, 717, 2324, 2285, 2801, 2366, 687, 1733, 3345, 2224, 923, 127, 35, 2361, 2094, 3204, 3788, 1024, 158, 222, 3124, 860, 1273, 2752, 2333, 2810, 2331, 600, 950, 1500, 1146, 855, 598, 1321, 677, 3298, 2365, 1060, 1950, 2891, 966, 2978, 2379, 890, 2227, 3343, 3339, 3749, 367, 725, 1911, 2386, 2424, 840, 904, 1454, 1826, 901, 632, 1502, 1449, 3255, 1801, 3698, 2123, 224, 2808]",,,,,88.0,0.6618263448194082,0.7708170535893626,-0.25077125911831805,0.9242616564459578,0.7535550135293818,0.1,10,0.22538562955915903,0.0040271489103701485,0.028935178922028904,,0.6114741979415854,baseline_bald,,,,,,,
6,10,0.7484605831236919,0.8348215294853369,591,0.05324588091056418,88.0,bald,BALDSampler,,,"[3481, 1114, 112, 956, 3177, 3445, 135, 1934, 1828, 2384, 182, 3382, 1111, 1067, 2265, 2409, 767, 872, 3770, 2337, 1108, 765, 2385, 3268, 2372, 2034, 3721, 754, 2425, 2315, 269, 1109, 2419, 1874, 407, 1523, 1515, 1401, 2382, 3381, 1608, 245, 1390, 1365, 1013, 2346, 1498, 2796, 1094, 1889, 1136, 3533, 694, 3625, 1409, 208, 31, 204, 814, 1534, 1958, 1641, 3467, 225, 444, 2013, 3346, 1097, 729, 2710, 2989, 1412, 552, 3650, 2469, 2338, 1824, 3363, 2698, 587, 1324, 3226, 374, 946, 3678, 99, 688, 2422]",,,,,88.0,0.33544013789092747,0.5682411542366019,-0.6229483958831709,0.9011033950877684,0.05324588091056418,0.3,10,0.6114741979415854,0.028935178922028904,-0.002744573076530088,,0.0,baseline_bald,,,,,,,
7,10,0.7457160100471618,0.8330237830514328,679,0.5175794631105933,88.0,bald,BALDSampler,,,"[1876, 2731, 2785, 2438, 3429, 2824, 723, 2885, 456, 2040, 2858, 34, 87, 2677, 2598, 2650, 902, 2666, 1397, 3178, 3098, 2665, 2921, 1033, 2724, 1462, 2859, 2041, 2606, 3513, 2655, 2853, 2913, 2769, 2910, 290, 2825, 2654, 2383, 1974, 1179, 3060, 2711, 1815, 2830, 1495, 2802, 2564, 2851, 2603, 2569, 2776, 1496, 3472, 848, 180, 136, 2105, 1885, 2381, 2777, 234, 2883, 3795, 1703, 987, 1596, 3064, 2052, 261, 1451, 2593, 2766, 2723, 2689, 2433, 3514, 2572, 454, 3694, 2799, 268, 2886, 2259, 2736, 1169, 3722, 633]",,,,,88.0,0.6426504930230041,0.6791719940503556,0.04018124613553406,0.9360362468752977,0.5175794631105933,0.0,10,0.0,-0.002744573076530088,0.010107547876773593,,0.25030252840404005,baseline_bald,,,,,,,
8,10,0.7558235579239354,0.8410945035485815,767,0.23922661360624978,88.0,bald,BALDSampler,,,"[2762, 3207, 2297, 115, 2888, 3482, 2190, 259, 2753, 771, 67, 265, 781, 260, 219, 3117, 1631, 867, 1410, 873, 1211, 874, 2051, 2298, 2967, 1845, 2414, 24, 732, 3583, 2336, 1722, 1769, 508, 2834, 1978, 954, 2005, 636, 1999, 57, 488, 3672, 1543, 2185, 2139, 1455, 1371, 589, 77, 504, 2919, 56, 1490, 854, 1098, 900, 232, 3784, 1997, 2363, 2812, 2102, 2180, 3170, 2280, 3739, 1105, 1544, 2, 1768, 2939, 10, 3585, 961, 967, 1875, 3772, 2369, 1560, 2314, 2296, 46, 3383, 20, 1092, 750, 237]",,,,,88.0,0.5025862792184689,0.5819289343302958,-0.3006050568080801,0.9209785473820274,0.23922661360624978,0.1,10,0.25030252840404005,0.010107547876773593,-0.01053624719167312,,0.7629746335058096,baseline_bald,,,,,,,
9,10,0.7452873107322623,0.8319380060887547,855,-0.5629746335058096,88.0,bald,BALDSampler,,,"[3707, 498, 2757, 1996, 3244, 84, 2008, 770, 1995, 1914, 581, 2838, 313, 503, 2759, 2685, 2011, 311, 138, 116, 2590, 499, 558, 310, 3771, 766, 1176, 3392, 3782, 2758, 2055, 2223, 11, 3348, 2552, 678, 1831, 3133, 3631, 903, 1548, 2554, 83, 1434, 722, 3753, 3529, 1629, 2228, 2553, 631, 3113, 3705, 3261, 3067, 866, 1145, 2085, 316, 3530, 1829, 886, 1224, 2615, 540, 2322, 537, 2714, 992, 989, 3700, 54, 3600, 3769, 1043, 2807, 82, 3798, 137, 768, 68, 1595, 1814, 1351, 113, 1735, 1271, 2476]",,,,,88.0,0.46598183159505274,0.6548087543263702,-0.5629746335058096,0.9234106413316697,-0.5629746335058096,0.2,10,0.7629746335058096,-0.01053624719167312,-0.004131690504151853,,0.7833882125109777,baseline_bald,,,,,,,
10,10,0.7411556202281104,0.8282827973887257,943,-0.42356747098874276,88.0,bald,BALDSampler,,,"[3408, 978, 3626, 2958, 2000, 101, 150, 2264, 2794, 3366, 2318, 649, 3385, 3180, 979, 2275, 3406, 522, 1625, 2548, 2113, 2644, 405, 2128, 2534, 1457, 281, 2313, 106, 3104, 637, 3062, 7, 1638, 2873, 3225, 775, 2793, 3413, 1095, 3108, 2589, 3405, 634, 3422, 2596, 3317, 2897, 2932, 2828, 2937, 1144, 2904, 582, 2764, 2761, 1648, 2923, 140, 3103, 2413, 2649, 79, 3008, 2166, 2582, 2010, 2482, 2826, 3297, 3365, 3221, 92, 369, 2982, 3342, 2584, 2874, 2255, 2870, 2876, 3041, 2871, 2530, 897, 1259, 3411, 3013]",,,,,88.0,0.3976250350614948,0.5813982086071202,-0.7432089540332126,0.9378661713321328,-0.42356747098874276,0.2,10,0.7833882125109777,-0.004131690504151853,0.001578595654377457,,0.8202412400132025,baseline_bald,,,,,,,
11,10,0.7427342158824879,0.8296391706519465,1031,-0.048846029574258945,88.0,bald,BALDSampler,,,"[3664, 1265, 3581, 2513, 2547, 2541, 2325, 947, 1556, 9, 1212, 326, 2561, 2411, 2319, 3448, 1048, 2542, 355, 2330, 86, 1781, 680, 1445, 3175, 955, 2321, 998, 2289, 2735, 2104, 640, 1005, 2364, 962, 6, 2555, 1504, 3316, 1688, 2889, 3768, 1561, 487, 3496, 40, 588, 3388, 3360, 2096, 3220, 2263, 2133, 3465, 191, 510, 2303, 1193, 464, 577, 1152, 595, 1370, 3358, 3398, 2517, 1003, 2329, 3396, 1702, 1250, 3588, 3167, 2426, 3241, 1679, 3693, 2562, 3179, 1004, 1590, 1367, 1046, 2326, 2845, 821, 2537, 584]",,,,,88.0,0.16545625431289113,0.16467117406091444,-0.7916364504521461,0.9184672867503314,-0.048846029574258945,0.4,10,0.8202412400132025,0.001578595654377457,-0.017013529508773217,,0.9232092237183988,baseline_bald,,,,,,,
12,10,0.7257206863737147,0.8142492294168444,1119,-0.24195833118918894,88.0,bald,BALDSampler,,,"[2811, 2122, 2119, 2583, 2118, 2164, 2210, 2260, 2750, 2075, 1986, 2120, 2258, 1842, 2073, 2254, 681, 2168, 1759, 2213, 2162, 1983, 1984, 2121, 1804, 2209, 2116, 2076, 1848, 2124, 1849, 2206, 1982, 2207, 2169, 1843, 2161, 2163, 2748, 2160, 2208, 1887, 1799, 2072, 2214, 1940, 1939, 2030, 1938, 2026, 2215, 1715, 1979, 1891, 1980, 2074, 2068, 1714, 2699, 2079, 1932, 1760, 1802, 2159, 2027, 2125, 1713, 2251, 2071, 1806, 1981, 1937, 1888, 1935, 1933, 2024, 1846, 1669, 1758, 2029, 647, 1985, 1893, 2205, 2114, 2610, 1892, 1226]",,,,,88.0,0.18565549993179772,0.26679038410616385,-0.8044601162476086,0.8631917206234399,-0.24195833118918894,0.4,10,0.9232092237183988,-0.017013529508773217,0.03784307479640736,,0.9050185259237797,baseline_bald,,,,,,,
13,10,0.763563761170122,0.8478273576472211,1207,0.04154366988466739,88.0,bald,BALDSampler,,,"[2861, 583, 779, 2188, 648, 363, 995, 364, 3540, 193, 335, 2756, 1102, 1640, 1318, 287, 3667, 784, 1461, 148, 3573, 3206, 3760, 963, 323, 164, 2421, 1088, 2135, 3587, 1364, 1357, 2231, 777, 555, 3112, 547, 1868, 882, 3628, 1818, 739, 773, 458, 3719, 2956, 3260, 3144, 630, 1689, 1686, 361, 1955, 1009, 3759, 434, 1591, 377, 586, 870, 2922, 1890, 3765, 2097, 1408, 1099, 2866, 1360, 264, 2046, 1507, 703, 474, 1157, 3308, 1550, 2267, 1687, 362, 2700, 812, 1497, 1333, 639, 1508, 1381, 1189, 2335]",,,,,88.0,-0.09153582817929615,-0.06684501819578592,-0.8100370518475594,0.8865634848964897,0.04154366988466739,0.5,10,0.9050185259237797,0.03784307479640736,0.0007890063328903629,,1.1160533552193432,baseline_bald,,,,,,,
14,10,0.7643527675030124,0.8485121924713126,1295,-0.6296689110021956,88.0,bald,BALDSampler,,,"[2565, 3797, 2570, 2574, 2581, 2620, 2708, 2857, 2567, 2592, 2571, 2855, 2600, 1260, 2587, 3094, 2797, 2693, 2969, 2599, 2262, 2614, 2999, 2630, 1852, 2884, 2576, 2713, 441, 3017, 2847, 2652, 2996, 1527, 2101, 3123, 2585, 2431, 2827, 3567, 2048, 2881, 1819, 3054, 2686, 172, 3106, 1773, 1613, 2618, 2249, 3032, 3714, 1682, 201, 3563, 661, 2471, 1757, 1159, 2597, 3009, 2134, 2450, 2443, 565, 2946, 13, 1772, 3313, 2843, 3014, 235, 2695, 2481, 3022, 2631, 3184, 292, 3668, 1019, 3446, 5, 1771, 2179, 2849, 2940, 2489]",,,,,88.0,0.10270664601053789,0.08808646268311537,-0.8024377994364906,0.8925797383222915,-0.6296689110021956,0.4,10,1.1160533552193432,0.0007890063328903629,-0.002014316141361272,,0.304518249155284,baseline_bald,,,,,,,
15,10,0.7623384513616511,0.8465990656587505,1383,0.6816730314865989,,,,,,,,,,,,0.43257941704227126,0.538428382471824,-0.409036498310568,0.911162776385867,0.6816730314865989,0.1,10,0.304518249155284,-0.002014316141361272,,,,baseline_bald,,,,,,,
1,10,0.6268584497259907,0.7098340115659518,151,0.7833882484092772,88.0,coreset,CoresetSampler,,,"[2518, 3408, 2297, 1889, 462, 2498, 2561, 2495, 2404, 3180, 545, 3449, 3455, 2475, 2000, 101, 1457, 2398, 90, 2476, 1111, 2530, 2385, 2548, 2500, 2667, 2559, 2540, 2352, 1012, 978, 2547, 2487, 2384, 2223, 1531, 2365, 2463, 1001, 2373, 2486, 2111, 3626, 2300, 3317, 3405, 2509, 2529, 2429, 2517, 2539, 1528, 2264, 2546, 2492, 2536, 2281, 2347, 2284, 2387, 3364, 3221, 3407, 2460, 2522, 3211, 2474, 2363, 2453, 2394, 1527, 2508, 3500, 2435, 3363, 2318, 2535, 2395, 2562, 268, 2489, 2494, 3522, 2458, 1435, 1573, 3406, 3355]",,,,,88.0,0.8715232684137222,0.8804181492489942,0.7772563274537578,0.9443859041307777,0.7833882484092772,0.0,10,0.0,,0.049515231534298154,,0.0,baseline_coreset,,,,,,,
2,10,0.6763736812602889,0.7661668036678817,239,0.9160424147181855,88.0,coreset,CoresetSampler,,,"[75, 2656, 108, 342, 340, 1059, 725, 2231, 3236, 3538, 473, 2779, 3281, 825, 611, 3339, 1098, 1418, 835, 731, 1508, 1917, 1379, 3638, 1238, 472, 470, 1100, 1781, 1275, 697, 424, 591, 951, 3394, 2967, 3142, 3441, 1092, 961, 3610, 3258, 910, 3508, 1044, 3462, 3737, 3117, 781, 1465, 679, 1828, 2182, 201, 1371, 3140, 329, 526, 3230, 505, 3383, 777, 834, 1090, 724, 1733, 3215, 3735, 403, 6, 795, 1587, 1237, 2431, 2301, 934, 696, 1281, 3415, 3170, 427, 918, 3393, 1147, 2956, 3791, 874, 1801]",,,,,88.0,0.7871048476628901,0.8547021635592924,0.24876202867661767,0.9292439837169634,0.9160424147181855,0.0,10,0.0,0.049515231534298154,0.01172979043482425,,0.0,baseline_coreset,,,,,,,
3,10,0.6881034716951131,0.7779692636163391,327,0.22172792909263167,88.0,coreset,CoresetSampler,,,"[2735, 1709, 2763, 2764, 2733, 1622, 3723, 2940, 2095, 3605, 3248, 968, 3795, 2157, 843, 2502, 3382, 2881, 2734, 3331, 3233, 85, 3744, 47, 897, 996, 1793, 2480, 2128, 2631, 1837, 3725, 2118, 1864, 3160, 1502, 904, 2762, 3577, 3266, 2544, 2226, 237, 1404, 3288, 1264, 451, 872, 1931, 349, 1413, 1797, 1341, 1247, 2248, 1348, 1363, 2173, 1040, 2608, 2794, 1086, 3771, 2834, 3425, 1127, 2201, 316, 871, 1492, 537, 1314, 3141, 707, 783, 921, 3782, 2740, 18, 2511, 3516, 1949, 728, 2257, 48, 3632, 2152, 2542]",,,,,88.0,0.6388916097302755,0.8296493717162874,0.033984231691174954,0.9424373303378949,0.22172792909263167,0.0,10,0.0,0.01172979043482425,0.025614324878195593,,0.0,baseline_coreset,,,,,,,
4,10,0.7137177965733087,0.8033618006405694,415,0.8538772862061853,88.0,coreset,CoresetSampler,,,"[1487, 2291, 373, 2553, 3650, 1516, 1532, 2506, 2328, 1213, 2375, 1548, 1439, 87, 3473, 2370, 2270, 2316, 2367, 1313, 1577, 1542, 2808, 2541, 2563, 592, 1881, 3652, 1706, 2393, 2731, 2348, 118, 2021, 1722, 1885, 2140, 3664, 2294, 1771, 2405, 1105, 3427, 543, 1872, 1211, 223, 1719, 3710, 2267, 3658, 3647, 2097, 3399, 973, 754, 1958, 946, 418, 245, 2497, 1167, 1150, 200, 2438, 265, 3558, 1818, 542, 3678, 1372, 1037, 995, 678, 1833, 577, 98, 861, 1367, 2193, 1438, 2410, 3349, 502, 2113, 827, 581, 2322]",,,,,88.0,0.8225264433569336,0.8657782673252767,0.44611021603957696,0.931877180247115,0.8538772862061853,0.0,10,0.0,0.025614324878195593,0.0023915982838605965,,0.0,baseline_coreset,,,,,,,
5,10,0.7161093948571693,0.8054534036104084,503,0.15719971142834785,88.0,coreset,CoresetSampler,,,"[672, 1115, 2396, 1033, 308, 3426, 1478, 1840, 2865, 1432, 1524, 2504, 1215, 3561, 1074, 3133, 896, 2280, 398, 498, 2780, 716, 1303, 986, 1201, 2813, 806, 1443, 1835, 1701, 939, 1705, 1169, 1750, 1430, 1302, 625, 3178, 3472, 2305, 1256, 1300, 2330, 2895, 1260, 706, 3075, 1852, 2064, 980, 115, 1279, 3661, 1126, 3240, 126, 2758, 2658, 2104, 1261, 2922, 714, 2807, 669, 756, 2551, 622, 1575, 1944, 1120, 3034, 1028, 1224, 2061, 3380, 1581, 1656, 3602, 2243, 2218, 2174, 1748, 312, 3604, 117, 533, 2397, 1437]",,,,,88.0,0.6314887084718732,0.8253135992704733,0.0229728504177309,0.9550574896086161,0.15719971142834785,0.0,10,0.0,0.0023915982838605965,0.014034953974060627,,0.36777621918824155,baseline_coreset,,,,,,,
6,10,0.7301443488312299,0.8185066106017512,591,0.11426824625020775,88.0,coreset,CoresetSampler,,,"[236, 3164, 3444, 3673, 2418, 125, 3012, 370, 2100, 2010, 2642, 2156, 3768, 2319, 2402, 3001, 2860, 1688, 3445, 3554, 2604, 2302, 945, 2292, 3494, 2427, 1584, 3643, 2777, 2337, 285, 471, 122, 1869, 3421, 2443, 1486, 1884, 2442, 9, 2469, 2371, 2809, 3533, 2278, 535, 735, 2481, 954, 639, 1141, 2472, 3721, 31, 3282, 3271, 2282, 260, 168, 1368, 3292, 2939, 903, 3298, 3129, 3787, 1002, 2289, 304, 2186, 2023, 3581, 2190, 1301, 3332, 2838, 801, 3256, 3293, 2324, 2408, 2108, 692, 2389, 111, 868, 929, 2810]",,,,,88.0,0.5574791926448298,0.6347017835583175,-0.535552438376483,0.9541438929404227,0.11426824625020775,0.1,10,0.36777621918824155,0.014034953974060627,-0.00034527124958849686,,0.49165382125160534,baseline_coreset,,,,,,,
7,10,0.7297990775816414,0.8181638135609417,679,-0.2916538212516053,88.0,coreset,CoresetSampler,,,"[3766, 2360, 1639, 960, 1245, 2448, 680, 1445, 1609, 556, 2521, 2552, 1236, 3523, 3388, 775, 338, 2447, 729, 2556, 552, 964, 919, 391, 3366, 185, 2510, 702, 3323, 2285, 1555, 2433, 2532, 3707, 2445, 3113, 3563, 248, 187, 15, 56, 3112, 3360, 635, 277, 198, 2513, 469, 1953, 1588, 60, 140, 2343, 1324, 3422, 409, 1603, 3139, 3306, 232, 890, 3479, 79, 497, 3246, 1226, 1550, 2483, 3788, 1334, 186, 3, 1998, 343, 3263, 3320, 2180, 1423, 584, 957, 193, 3352, 3767, 294, 1817, 1697, 3446, 3300]",,,,,88.0,0.5081758533908579,0.6493353997087723,-0.2916538212516053,0.9517791001730778,-0.2916538212516053,0.2,10,0.49165382125160534,-0.00034527124958849686,0.0021434332685810187,,0.0,baseline_coreset,,,,,,,
8,10,0.7319425108502224,0.8201399495892906,767,0.5527721590353512,88.0,coreset,CoresetSampler,,,"[1246, 758, 3797, 1, 1355, 2632, 2554, 112, 2665, 2675, 1190, 1484, 2567, 997, 1625, 1900, 757, 3666, 2833, 2488, 1431, 1796, 2993, 2741, 2729, 2802, 3689, 3222, 2896, 3194, 1214, 1627, 2129, 390, 2831, 1308, 2664, 2145, 2576, 2752, 2804, 1816, 65, 859, 38, 574, 74, 253, 713, 2130, 2776, 677, 255, 2607, 82, 2222, 565, 3278, 2369, 3267, 2366, 301, 3706, 2915, 290, 3662, 2692, 1405, 66, 1131, 3060, 2914, 2134, 632, 1617, 360, 210, 2649, 3247, 1212, 42, 1614, 1668, 3243, 3517, 3694, 362, 163]",,,,,88.0,0.7288482738342028,0.8148414999592364,0.295400562990417,0.9530011283839904,0.5527721590353512,0.0,10,0.0,0.0021434332685810187,0.004854231444025525,,0.26467042047143463,baseline_coreset,,,,,,,
9,10,0.736796742294248,0.8247856763749852,855,0.8650307693187456,88.0,coreset,CoresetSampler,,,"[2581, 1503, 2176, 1928, 2615, 812, 3025, 1358, 3618, 130, 264, 2583, 1441, 2880, 2851, 1831, 2585, 1393, 1309, 306, 2094, 1791, 3784, 753, 2141, 1359, 2098, 2883, 782, 2049, 1123, 2378, 3515, 1567, 1838, 3244, 3241, 1458, 2105, 1724, 2004, 2545, 2146, 1499, 311, 2661, 3739, 2713, 169, 2089, 1605, 3328, 3481, 3611, 2103, 769, 2888, 3018, 2142, 2191, 1296, 2611, 2855, 2574, 2771, 1307, 3751, 2372, 1477, 1721, 1356, 2564, 3750, 2247, 165, 814, 2997, 313, 3607, 494, 397, 2593, 2706, 444, 1943, 815, 588, 2711]",,,,,88.0,0.5778938107232363,0.6918370640230257,-0.12934084094286927,0.9846096785628471,0.8650307693187456,0.2,10,0.26467042047143463,0.004854231444025525,-0.016461954600975992,,0.8989341188382354,baseline_coreset,,,,,,,
10,10,0.720334787693272,0.8093424348983251,943,-0.6989341188382353,88.0,coreset,CoresetSampler,,,"[512, 454, 1638, 2558, 1675, 57, 877, 634, 334, 1845, 1035, 653, 3356, 164, 967, 131, 1711, 1000, 2143, 1945, 1667, 91, 3372, 2179, 3757, 1547, 1583, 1128, 3493, 2555, 2401, 1956, 3546, 1677, 2698, 3777, 219, 568, 105, 3606, 900, 2485, 3722, 3492, 773, 1021, 3482, 420, 1089, 947, 3466, 467, 3264, 667, 3307, 1501, 3361, 580, 336, 3137, 335, 13, 2040, 3452, 1412, 1263, 1335, 1159, 3143, 674, 1673, 1989, 43, 1856, 445, 3692, 3726, 559, 1493, 2451, 852, 3378, 956, 3234, 2425, 3262, 1490, 3580]",,,,,88.0,0.41423549426940676,0.7014122054840117,-0.6989341188382353,0.9290643147293719,-0.6989341188382353,0.2,10,0.8989341188382354,-0.016461954600975992,0.03444283711479601,,0.591831198741333,baseline_coreset,,,,,,,
11,10,0.754777624808068,0.84029241548954,1031,-0.12675841842629693,88.0,coreset,CoresetSampler,,,"[3429, 1193, 204, 1031, 1906, 1562, 1058, 992, 1155, 813, 345, 2144, 3430, 269, 1312, 2085, 3290, 3146, 3204, 3232, 228, 1158, 2466, 1305, 1813, 2087, 180, 1629, 258, 2484, 138, 1876, 481, 902, 1995, 767, 2459, 3334, 1180, 1197, 1448, 252, 3338, 1877, 717, 948, 3474, 1259, 2147, 1206, 161, 2052, 3336, 2549, 3283, 3252, 548, 1038, 811, 503, 763, 1043, 1703, 1606, 2603, 1060, 1498, 2450, 227, 3695, 1221, 202, 628, 2290, 2941, 1769, 854, 1403, 766, 658, 1109, 2083, 1172, 722, 3147, 1827, 583, 3785]",,,,,88.0,0.3072563109267995,0.2710957976200898,-0.4569039790563692,0.9546432041242443,-0.12675841842629693,0.3,10,0.591831198741333,0.03444283711479601,-0.033122803696015946,,0.5125277005417946,baseline_coreset,,,,,,,
12,10,0.721654821112052,0.8104804145194187,1119,-0.006037106201001207,88.0,coreset,CoresetSampler,,,"[623, 1045, 3327, 3389, 3478, 3453, 3411, 1112, 2995, 1556, 2537, 2528, 3056, 1710, 2828, 989, 936, 1434, 466, 2894, 2526, 523, 2516, 2454, 3272, 3344, 2062, 3595, 796, 3467, 68, 2856, 113, 2889, 1223, 3231, 2543, 3463, 2606, 50, 651, 2482, 3392, 3280, 1794, 3596, 2413, 2473, 2533, 1446, 3223, 3173, 3583, 2441, 2491, 2769, 2992, 2296, 3489, 1396, 3625, 3235, 53, 35, 804, 3600, 3179, 1056, 2412, 1257, 2471, 1792, 3700, 84, 2981, 2842, 1756, 3337, 3728, 3175, 3502, 71, 2759, 590, 1679, 711, 3622, 3526]",,,,,88.0,0.36517755750616826,0.5132836777509453,-0.2190182948825881,0.8610576164025601,-0.006037106201001207,0.4,10,0.5125277005417946,-0.033122803696015946,0.030073990827318875,,0.9582060120161033,baseline_coreset,,,,,,,
13,10,0.7517288119393709,0.8376936781399649,1207,-0.5789476936150885,88.0,coreset,CoresetSampler,,,"[531, 1659, 619, 2058, 2765, 2017, 1570, 1927, 2917, 1495, 1118, 2314, 1069, 846, 1746, 1853, 2975, 1447, 2736, 3377, 2586, 3197, 2570, 2757, 1386, 2565, 2737, 1520, 3471, 2571, 2799, 709, 2624, 2242, 262, 530, 303, 2787, 1521, 2793, 2568, 2600, 1179, 2082, 123, 1854, 2592, 1122, 979, 2885, 2572, 2153, 2666, 1702, 2857, 2587, 323, 1704, 529, 1433, 1387, 2016, 1399, 2652, 440, 1972, 267, 1899, 1297, 664, 1700, 1235, 2660, 759, 2861, 1344, 395, 121, 488, 2654, 2084, 3514, 2612, 2686, 2613, 3167, 3286, 3381]",,,,,88.0,0.2443096635263457,0.2867816348242683,-0.7374643304171185,0.875305444301724,-0.5789476936150885,0.3,10,0.9582060120161033,0.030073990827318875,-0.0047600240510131675,,0.4355374691439718,baseline_coreset,,,,,,,
14,10,0.7469687878883577,0.8338720682396579,1295,-0.33553746914397176,88.0,coreset,CoresetSampler,,,"[2287, 1874, 1665, 2714, 2268, 2317, 2590, 3527, 723, 2426, 67, 1734, 2655, 2265, 182, 2411, 2386, 2419, 2325, 2382, 2332, 539, 3659, 226, 1199, 2269, 2326, 1504, 750, 2403, 1114, 2421, 2681, 2569, 2275, 2315, 2320, 2310, 626, 2306, 2823, 2361, 1374, 1686, 2356, 1198, 734, 2349, 604, 2782, 2391, 2183, 3196, 2321, 2342, 3633, 1184, 249, 2392, 1020, 975, 107, 576, 1202, 2298, 1916, 830, 3402, 2177, 959, 2338, 2304, 2388, 2333, 2882, 1821, 563, 916, 1568, 2358, 2801, 2911, 3598, 2420, 2374, 3171, 2293, 127]",,,,,88.0,0.47742315721383416,0.580330203463097,-0.33553746914397176,0.9576961817475788,-0.33553746914397176,0.1,10,0.4355374691439718,-0.0047600240510131675,-0.008872395893294582,,0.7492476523835049,baseline_coreset,,,,,,,
15,10,0.7380963919950632,0.825593479542359,1383,-0.18217410634680425,,,,,,,,,,,,0.11009524234380316,0.2398969929500151,-0.7163211984202056,0.9294734042089484,-0.18217410634680425,0.3,10,0.7492476523835049,-0.008872395893294582,,,,baseline_coreset,,,,,,,
1,10,0.5969150024371515,0.6713686301866398,151,0.8540535770709924,88.0,entropy,EntropySampler,,,"[1531, 1487, 3449, 2495, 2506, 2186, 1486, 1532, 1503, 826, 3658, 1232, 2731, 1012, 1413, 2095, 1573, 2733, 2066, 3659, 2257, 3216, 2144, 3266, 1439, 3538, 827, 3262, 2485, 2453, 1277, 2551, 2712, 814, 1322, 2536, 2142, 2463, 2141, 2147, 1319, 1002, 3795, 2049, 2486, 782, 2494, 916, 2523, 2021, 822, 454, 2492, 997, 2268, 1028, 1706, 2392, 373, 825, 2540, 3526, 824, 783, 1916, 909, 735, 1150, 1577, 2529, 1275, 3248, 2735, 815, 3737, 3751, 2098, 702, 2549, 3494, 2978, 726, 1396, 2103, 946, 1576, 2064, 646]",,,,,88.0,0.9139146447563979,0.9342229295456403,0.8127382720277572,0.9549280097239611,0.8540535770709924,0.0,10,0.0,,0.10386979886661041,,0.0,baseline_entropy,,,,,,,
2,10,0.7007848013037619,0.7922050084693655,239,0.794022418695561,88.0,entropy,EntropySampler,,,"[2358, 2378, 2325, 2360, 2394, 2343, 2344, 2342, 2332, 2393, 2317, 2402, 2302, 2306, 2285, 2322, 2426, 2376, 2374, 2388, 2410, 2387, 2389, 2303, 2353, 2408, 2319, 2395, 2340, 2316, 2411, 2321, 2337, 2338, 2352, 2336, 2356, 2309, 2333, 2391, 2361, 2349, 2409, 2362, 2375, 2289, 2405, 2326, 2300, 2373, 2404, 2386, 2384, 2267, 2371, 2269, 2284, 2418, 2331, 2422, 2427, 2308, 2403, 2372, 2315, 2310, 2328, 2366, 2367, 2421, 2292, 2552, 2297, 2420, 1726, 2293, 2305, 1724, 2425, 2287, 2419, 1961, 769, 1499, 2475, 1498, 902, 2324]",,,,,88.0,0.8037553200086853,0.8707234793382441,0.302749231942263,0.9001927172350368,0.794022418695561,0.0,10,0.0,0.10386979886661041,0.0011558633189890921,,0.549191267140281,baseline_entropy,,,,,,,
3,10,0.701940664622751,0.7922055207126133,327,-0.449191267140281,88.0,entropy,EntropySampler,,,"[1141, 1866, 1917, 3353, 2183, 737, 2006, 2232, 2004, 1677, 687, 545, 2182, 2050, 1276, 1140, 2139, 1733, 1324, 3125, 1274, 643, 1410, 1549, 3304, 692, 2056, 1865, 3673, 863, 868, 2967, 2227, 1458, 2008, 1913, 1911, 462, 3493, 3539, 2231, 1107, 3124, 3118, 3613, 3219, 1500, 2041, 689, 3678, 1547, 1998, 688, 2143, 638, 3391, 641, 996, 3727, 2005, 1186, 2790, 3455, 781, 2007, 1092, 3667, 2701, 632, 3525, 1147, 2094, 3530, 914, 1825, 3349, 1801, 128, 3293, 1321, 455, 867, 1409, 546, 3339, 1105, 1678, 598]",,,,,88.0,0.5994710373778701,0.7396286553829894,-0.449191267140281,0.9096271103984398,-0.449191267140281,0.1,10,0.549191267140281,0.0011558633189890921,-0.04074314426711734,,0.3450858642607055,baseline_entropy,,,,,,,
4,10,0.6611975203556336,0.74937034442294,415,0.5086424159931915,88.0,entropy,EntropySampler,,,"[959, 1227, 960, 1453, 553, 552, 725, 3347, 1769, 770, 3268, 3306, 1229, 3448, 2085, 1365, 2690, 3346, 1065, 603, 780, 1423, 2102, 2099, 2111, 811, 1060, 2013, 1568, 731, 934, 1631, 367, 2778, 739, 1146, 1826, 3612, 3672, 1831, 2190, 1003, 508, 813, 243, 1090, 1099, 540, 631, 1455, 2180, 732, 1098, 2923, 1676, 3585, 860, 1372, 677, 1543, 3407, 505, 3352, 1640, 918, 1824, 1497, 604, 1828, 821, 1230, 722, 288, 316, 374, 2096, 855, 1629, 768, 3618, 2097, 957, 1412, 3718, 1103, 861, 1102, 1772]",,,,,88.0,0.566206660468749,0.75034050643043,-0.49017172852141094,0.9115833143372011,0.5086424159931915,0.1,10,0.3450858642607055,-0.04074314426711734,0.08631329474853355,,0.6580712453342081,baseline_entropy,,,,,,,
5,10,0.7475108151041672,0.8341184825081163,503,-0.45807124533420807,88.0,entropy,EntropySampler,,,"[3263, 3164, 3171, 3706, 143, 7, 1368, 3170, 1856, 2801, 2282, 1273, 945, 3499, 1479, 3307, 2808, 923, 3364, 2370, 3161, 2780, 3661, 3760, 866, 35, 600, 446, 4, 998, 504, 542, 2385, 3177, 5, 1046, 1137, 3160, 2433, 2459, 3114, 3343, 961, 459, 2783, 2346, 3215, 3117, 13, 234, 3336, 3750, 3314, 3583, 2051, 2365, 1305, 219, 958, 3354, 3382, 2379, 56, 67, 845, 182, 3220, 130, 1100, 3716, 2734, 2444, 3713, 3207, 3226, 901, 3481, 828, 2431, 2088, 728, 750, 1009, 963, 872, 568, 2265, 871]",,,,,88.0,0.5703743991629029,0.7053101464105873,-0.45807124533420807,0.9452754939590611,-0.45807124533420807,0.2,10,0.6580712453342081,0.08631329474853355,0.0023781261146280652,,0.354754496135845,baseline_entropy,,,,,,,
6,10,0.7498889412187952,0.8360938530075922,591,0.17275640583325907,88.0,entropy,EntropySampler,,,"[1351, 2556, 3256, 90, 2052, 260, 576, 2889, 2723, 2667, 1371, 370, 910, 3771, 2809, 99, 1999, 42, 967, 890, 11, 834, 498, 622, 765, 767, 1379, 760, 1136, 1048, 771, 222, 558, 874, 636, 1357, 3348, 956, 3378, 2424, 3788, 1184, 1502, 954, 3467, 873, 597, 2383, 2185, 10, 3534, 649, 3312, 3580, 2603, 233, 31, 3700, 499, 1390, 2860, 694, 1845, 3255, 2146, 3533, 2451, 2, 819, 2224, 1870, 1111, 1094, 2133, 50, 1523, 3225, 3260, 115, 2188, 2632, 2664, 313, 1875, 2745, 43, 3233, 3261]",,,,,88.0,0.3879488056819639,0.38548986574796784,-0.30950899227169,0.9017277702435933,0.17275640583325907,0.2,10,0.354754496135845,0.0023781261146280652,-0.020922161705647424,,0.41738386841790803,baseline_entropy,,,,,,,
7,10,0.7289667795131478,0.8173385879356383,679,0.08089985070851208,88.0,entropy,EntropySampler,,,"[20, 1109, 1722, 900, 3784, 3292, 1548, 3426, 966, 1768, 2534, 1076, 1561, 1560, 83, 3399, 107, 1013, 208, 1114, 1219, 840, 127, 2055, 1408, 1595, 3113, 2865, 3345, 955, 225, 904, 3298, 148, 3482, 474, 116, 2769, 3770, 3247, 589, 3798, 106, 2000, 1271, 1675, 1496, 3721, 3204, 3725, 870, 1153, 456, 150, 3769, 1370, 1148, 1454, 82, 3705, 1367, 3308, 729, 2247, 3313, 522, 2888, 2989, 588, 3360, 84, 3385, 882, 777, 2034, 3698, 633, 523, 3297, 21, 717, 131, 1053, 2238, 1868, 950, 3772, 100]",,,,,88.0,0.39635257144085506,0.4603748056065923,-0.23476773683581612,0.9083207171231719,0.08089985070851208,0.3,10,0.41738386841790803,-0.020922161705647424,0.012648000382541102,,1.1129470287984613,baseline_entropy,,,,,,,
8,10,0.7416147798956889,0.828623578353036,767,-0.8129470287984613,88.0,entropy,EntropySampler,,,"[2554, 3625, 417, 24, 3389, 1914, 503, 1790, 57, 135, 2223, 1095, 2777, 9, 3581, 1181, 419, 962, 3406, 1145, 678, 1635, 3753, 2010, 3132, 329, 1997, 1445, 2782, 237, 1050, 774, 1318, 640, 1504, 2812, 1534, 236, 3719, 46, 405, 2228, 140, 1086, 54, 3628, 3535, 1978, 586, 595, 3446, 3123, 6, 1996, 634, 98, 680, 421, 2369, 1889, 372, 1005, 281, 3660, 3175, 3631, 8, 510, 390, 1544, 3717, 1962, 369, 1596, 1890, 587, 3217, 1007, 3067, 509, 1590, 820, 1067, 68, 1867, 1043, 1401, 1687]",,,,,88.0,0.23115307872615362,0.389861052633384,-0.8129470287984613,0.8393870658432728,-0.8129470287984613,0.3,10,1.1129470287984613,0.012648000382541102,-0.004048619128070641,,0.30429994149091905,baseline_entropy,,,,,,,
9,10,0.7375661607676183,0.8251506804198936,855,0.034268299688770494,88.0,entropy,EntropySampler,,,"[2752, 2135, 2810, 2915, 2813, 1864, 2922, 723, 1820, 3491, 1688, 2753, 2759, 639, 2811, 2834, 3206, 2814, 3587, 2892, 2830, 1649, 2757, 2842, 3358, 2837, 2046, 2610, 2583, 704, 2838, 3540, 3396, 3275, 647, 3588, 2698, 2724, 1648, 2776, 282, 2807, 3184, 2750, 1507, 2858, 547, 2859, 1638, 2921, 287, 2919, 2828, 1774, 1004, 191, 92, 2897, 3174, 1280, 681, 2891, 1822, 364, 1287, 637, 648, 2748, 3445, 593, 1682, 3529, 2758, 3342, 1505, 3600, 2501, 1226, 1143, 3567, 668, 3768, 1508, 812, 1559, 1327, 749, 1461]",,,,,88.0,0.37704817172794025,0.3844209407698586,-0.20859988298183804,0.9451248528873605,0.034268299688770494,0.2,10,0.30429994149091905,-0.004048619128070641,0.0043627770404222055,,0.0,baseline_entropy,,,,,,,
10,10,0.7419289378080405,0.8289458069105397,943,0.2342595194081536,88.0,entropy,EntropySampler,,,"[1176, 1958, 265, 77, 1876, 2298, 1628, 1211, 2382, 3782, 129, 3413, 854, 3664, 3650, 1874, 1495, 1781, 583, 2823, 193, 1238, 1955, 903, 928, 1088, 241, 3707, 1364, 259, 232, 3704, 3366, 2104, 1144, 458, 2956, 3759, 1773, 596, 1731, 1097, 444, 261, 3392, 1381, 3329, 2048, 970, 3191, 180, 269, 1821, 1950, 1019, 555, 2067, 137, 1685, 3627, 830, 1382, 3388, 2767, 2058, 3264, 363, 276, 2011, 1056, 683, 3398, 488, 3490, 1139, 365, 1490, 19, 3402, 3694, 434, 3765, 40, 311, 2482, 3626, 452, 132]",,,,,88.0,0.4986402479222972,0.4832286882470917,0.009283487025391255,0.913912245752636,0.2342595194081536,0.0,10,0.0,0.0043627770404222055,0.02317533193398469,,0.9490476817337017,baseline_entropy,,,,,,,
11,10,0.7651042697420252,0.8489196285837601,1031,-0.3989102319733075,88.0,entropy,EntropySampler,,,"[2762, 2518, 2736, 2894, 1796, 2555, 3606, 3739, 1627, 2134, 2939, 2563, 1995, 1641, 87, 2458, 2793, 3189, 3244, 308, 398, 290, 1883, 2381, 921, 1121, 1212, 310, 1167, 995, 3333, 1180, 2179, 245, 1152, 3666, 1885, 745, 2438, 2714, 3668, 543, 1691, 675, 1823, 779, 3723, 2699, 3381, 2140, 1591, 1190, 1434, 3383, 2541, 497, 1404, 911, 187, 3722, 1193, 1794, 1771, 1333, 407, 1840, 2040, 979, 335, 1679, 1818, 3144, 2611, 1594, 1451, 1735, 3632, 231, 3714, 1872, 3584, 1689, 1775, 686, 3267, 3747, 919, 1814]",,,,,88.0,0.1400614650626872,0.07415121964767774,-0.4991851314940957,0.8696136304462764,-0.3989102319733075,0.5,10,0.9490476817337017,0.02317533193398469,-0.0007485023390709777,,0.7045296185090115,baseline_entropy,,,,,,,
12,10,0.7643557674029542,0.8482410857930027,1119,0.12757453313988612,88.0,entropy,EntropySampler,,,"[2729, 2785, 86, 3429, 3328, 577, 2191, 2101, 3573, 2887, 541, 3048, 413, 2866, 1748, 3783, 3291, 1360, 3764, 114, 475, 377, 3792, 533, 418, 400, 2874, 3128, 1829, 201, 3749, 3460, 2871, 3492, 204, 284, 2695, 772, 1363, 158, 1024, 740, 339, 524, 2861, 1668, 908, 2087, 328, 138, 3674, 2553, 3500, 1493, 2414, 582, 3029, 3390, 784, 2869, 1195, 584, 2615, 2873, 875, 1054, 3202, 1157, 453, 2940, 1281, 3652, 3484, 3630, 195, 3127, 2301, 111, 3513, 362, 1636, 1695, 654, 1449, 1645, 703, 409, 3637]",,,,,88.0,0.14257925415015663,0.09748108229883853,-0.6090592370180229,0.89086350708432,0.12757453313988612,0.4,10,0.7045296185090115,-0.0007485023390709777,-0.021461492058071907,,0.9816195581617145,baseline_entropy,,,,,,,
13,10,0.7428942753448823,0.8298540765082472,1207,-0.5758577943188041,88.0,entropy,EntropySampler,,,"[3258, 1189, 1008, 3415, 831, 2012, 3254, 142, 1467, 333, 1317, 684, 470, 3497, 3321, 3303, 3341, 186, 3365, 38, 1282, 3111, 741, 2001, 3545, 3710, 742, 3299, 55, 696, 1182, 3731, 3754, 384, 886, 1776, 380, 3181, 3579, 382, 39, 1049, 609, 15, 3370, 775, 514, 1934, 3454, 1650, 3412, 464, 2237, 766, 1016, 858, 773, 3274, 3280, 3459, 3357, 447, 515, 3762, 412, 476, 136, 507, 103, 695, 1643, 3738, 3432, 494, 327, 3209, 2234, 569, 685, 471, 1096, 340, 2868, 1686, 1091, 3387, 317, 226]",,,,,88.0,0.16490020088817858,0.2850537997809124,-0.787381322004625,0.9324246508664907,-0.5758577943188041,0.3,10,0.9816195581617145,-0.021461492058071907,0.017071004428402925,,0.34111680783498155,baseline_entropy,,,,,,,
14,10,0.7599652797732852,0.8445048649659372,1295,0.5867593960166053,88.0,entropy,EntropySampler,,,"[2318, 2474, 989, 3221, 947, 2845, 323, 53, 1817, 565, 3712, 3251, 1093, 3746, 3167, 659, 1833, 2177, 2327, 1221, 3134, 2473, 1059, 1550, 2187, 3478, 2061, 1863, 1131, 2483, 3394, 559, 1235, 2138, 690, 355, 1044, 97, 754, 244, 277, 3363, 2279, 1562, 3422, 2320, 2281, 96, 326, 3496, 3119, 1639, 1515, 1541, 1604, 1613, 359, 1696, 3681, 3451, 786, 1304, 361, 658, 1309, 1326, 2413, 2893, 626, 177, 2466, 3620, 2621, 1789, 3756, 3757, 2280, 2105, 2106, 724, 3519, 1031, 1359, 591, 95, 1035, 2176, 2756]",,,,,88.0,0.32914325751203055,0.404771024531816,-0.28223361566996313,0.8539724543163424,0.5867593960166053,0.2,10,0.34111680783498155,0.017071004428402925,-0.003299843706840444,,0.8971320688216122,baseline_entropy,,,,,,,
15,10,0.7566654360664448,0.841693598919683,1383,-0.6971320688216123,,,,,,,,,,,,0.3237038413371413,0.5592344942740066,-0.6971320688216123,0.9160308233571656,-0.6971320688216123,0.2,10,0.8971320688216122,-0.003299843706840444,,,,baseline_entropy,,,,,,,
1,10,0.6387070117038606,0.7243028409299492,151,0.8267374528280579,88.0,llm_rs,LLMRandomSampler,,,"[1919, 3525, 237, 924, 1906, 3365, 634, 2930, 2242, 1962, 2349, 1394, 584, 986, 906, 103, 3256, 732, 297, 1083, 1446, 1207, 3452, 3415, 1855, 1827, 1520, 3092, 2480, 1535, 2518, 2419, 4, 1363, 3228, 3160, 1790, 3117, 620, 3219, 3132, 2311, 160, 2937, 1619, 403, 2600, 3157, 895, 790, 814, 3264, 2761, 1469, 3332, 1874, 716, 386, 2592, 55, 1920, 1858, 1224, 2039, 1685, 3139, 3387, 765, 2078, 830, 995, 3659, 1214, 677, 679, 702, 3191, 452, 3061, 2064, 2304, 2885, 3136, 2857, 873, 1492, 3010, 3254]",,,,,88.0,0.9127602903909654,0.9248425111571599,0.8267374528280579,0.9509839982402607,0.8267374528280579,0.0,10,0.0,,0.06086648259038685,,0.0,baseline_llm_rs,,,,,,,
2,10,0.6995734942942474,0.7903508897097318,239,0.9241921807241535,88.0,llm_rs,LLMRandomSampler,,,"[3142, 1441, 494, 2030, 1891, 2139, 2098, 204, 2424, 2589, 1280, 1531, 2300, 2061, 2807, 1495, 3041, 861, 1397, 2017, 1211, 3297, 2778, 2552, 2980, 766, 887, 163, 1167, 747, 3172, 2794, 2318, 260, 1257, 3628, 519, 3684, 467, 2949, 3683, 2969, 2418, 1448, 2026, 936, 3668, 317, 1131, 2059, 3294, 627, 878, 3661, 445, 1875, 3584, 2959, 1979, 1940, 3510, 656, 1740, 637, 2329, 597, 3506, 1004, 1202, 3213, 2471, 3730, 3073, 3154, 1415, 87, 3005, 585, 3003, 3612, 1819, 1901, 3341, 2298, 3553, 1599, 2741, 1799]",,,,,88.0,0.8674591425675036,0.9086825309609179,0.5219190163023785,0.9659328209754051,0.9241921807241535,0.0,10,0.0,0.06086648259038685,0.00046066395121691084,,0.0,baseline_llm_rs,,,,,,,
3,10,0.7000341582454643,0.7902505276465404,327,0.5419586916631055,88.0,llm_rs,LLMRandomSampler,,,"[1746, 2672, 2199, 1194, 364, 708, 3393, 271, 1445, 1765, 1321, 3153, 2425, 264, 2724, 3408, 1405, 2910, 3427, 1269, 373, 2960, 888, 2624, 3343, 383, 210, 3626, 523, 313, 1217, 3391, 2982, 3101, 1892, 2224, 625, 2146, 2054, 2231, 464, 3794, 2460, 2013, 119, 3756, 2459, 2693, 1560, 3723, 2302, 91, 159, 3423, 963, 3494, 960, 539, 1515, 20, 352, 3463, 2049, 2204, 2777, 987, 565, 65, 1870, 1605, 3499, 2619, 3027, 2221, 1952, 992, 1617, 545, 735, 3476, 643, 1026, 2088, 412, 2571, 3545, 543, 3178]",,,,,88.0,0.5850923068795484,0.648182873375266,0.10686936323552863,0.946424375116985,0.5419586916631055,0.0,10,0.0,0.00046066395121691084,0.015334280411437251,,0.0,baseline_llm_rs,,,,,,,
4,10,0.7153684386569016,0.8052510735813443,415,0.30519595153502743,88.0,llm_rs,LLMRandomSampler,,,"[2251, 362, 1003, 1877, 285, 2739, 1205, 2163, 974, 1198, 164, 3699, 1089, 435, 2917, 1451, 2226, 333, 988, 2598, 956, 323, 2182, 3461, 1238, 1693, 3283, 1265, 2267, 659, 2443, 2620, 3253, 187, 268, 2171, 1356, 2262, 1339, 3643, 169, 2966, 1908, 2306, 826, 2658, 1218, 3744, 18, 3504, 2945, 227, 668, 822, 3761, 2219, 2736, 1499, 868, 2055, 2883, 875, 1095, 3007, 3465, 262, 1201, 303, 3155, 884, 2450, 2898, 2587, 1387, 3023, 2420, 2489, 2868, 125, 2371, 1842, 2838, 3042, 3171, 3759, 1386, 1276, 1388]",,,,,88.0,0.7484020658423314,0.841738191279328,0.30519595153502743,0.9642066342539414,0.30519595153502743,0.0,10,0.0,0.015334280411437251,-0.008873911480698271,,0.7918534265681461,baseline_llm_rs,,,,,,,
5,10,0.7064945271762033,0.7962526759172265,503,-0.6918534265681461,88.0,llm_rs,LLMRandomSampler,,,"[3179, 3479, 1831, 1098, 1420, 2094, 273, 2564, 3558, 1797, 3574, 2498, 2483, 2766, 456, 13, 2621, 2041, 719, 3747, 1139, 3334, 1794, 1235, 3304, 1956, 3366, 1772, 3770, 2891, 1677, 1733, 1597, 559, 1310, 2904, 1866, 2007, 3217, 2702, 3363, 2823, 1054, 2746, 664, 2453, 2083, 1472, 3779, 2033, 710, 3540, 859, 1447, 1454, 2855, 2056, 514, 3040, 3345, 3719, 3278, 3664, 1181, 1584, 1702, 938, 3069, 426, 1734, 2357, 2183, 1039, 43, 3063, 2879, 1353, 1115, 1037, 749, 3033, 1105, 592, 327, 784, 536, 3414, 1660]",,,,,88.0,0.6110895711261244,0.8077113354361983,-0.6918534265681461,0.9542466439688098,-0.6918534265681461,0.1,10,0.7918534265681461,-0.008873911480698271,0.0068949744294886095,,0.40695963174942845,baseline_llm_rs,,,,,,,
6,10,0.7133895016056919,0.8028960965156895,591,-0.3069596317494284,88.0,llm_rs,LLMRandomSampler,,,"[1573, 574, 1561, 2150, 2426, 1337, 1882, 3231, 2581, 1130, 1673, 86, 2896, 1114, 2884, 3552, 3390, 837, 3426, 316, 723, 3396, 2479, 2111, 3748, 225, 1484, 2933, 2799, 2911, 3094, 3229, 525, 1971, 1225, 1219, 3242, 41, 2429, 604, 2472, 1077, 2743, 2842, 2894, 2168, 1408, 1099, 713, 2421, 1867, 99, 115, 2348, 84, 1824, 3308, 552, 3468, 425, 1007, 3795, 871, 3095, 3596, 639, 2115, 2653, 2723, 3034, 808, 3064, 1015, 3547, 3776, 1505, 428, 1240, 2934, 2291, 1788, 1193, 202, 1364, 1150, 437, 1169, 2804]",,,,,88.0,0.47171560175387184,0.4753285478548096,-0.3069596317494284,0.935081467271388,-0.3069596317494284,0.1,10,0.40695963174942845,0.0068949744294886095,0.02298226285418048,,0.2512076379729531,baseline_llm_rs,,,,,,,
7,10,0.7363717644598724,0.8244181211813004,679,0.7588645841312417,88.0,llm_rs,LLMRandomSampler,,,"[2145, 711, 2392, 2725, 1012, 294, 2978, 95, 1302, 1035, 3519, 378, 1568, 3212, 3070, 79, 2566, 2190, 2763, 11, 3707, 255, 2593, 406, 2845, 388, 3666, 1503, 2873, 654, 1724, 3170, 647, 1123, 945, 2705, 743, 3539, 2006, 577, 2223, 2324, 172, 1810, 2847, 2970, 2735, 571, 94, 1944, 2332, 1008, 633, 3298, 2833, 390, 1587, 1879, 2822, 3588, 1821, 792, 1645, 2716, 2269, 1082, 2517, 2180, 71, 3134, 1, 2157, 2333, 488, 1638, 892, 3143, 3168, 1698, 3753, 1973, 1959, 96, 2926, 2675, 3279, 2915, 1416]",,,,,88.0,0.5819946055520255,0.7881466430832089,-0.3024152759459061,0.9313701178704779,0.7588645841312417,0.1,10,0.2512076379729531,0.02298226285418048,-0.024777362704358707,,0.8083889105699997,baseline_llm_rs,,,,,,,
8,10,0.7115944017555137,0.8011261829547089,767,-0.7083889105699998,88.0,llm_rs,LLMRandomSampler,,,"[431, 1040, 2473, 46, 1996, 672, 126, 3106, 459, 1631, 2542, 2265, 1380, 3012, 3610, 209, 2811, 1191, 2940, 1255, 1122, 116, 1100, 1634, 473, 611, 2850, 1900, 925, 2821, 2152, 3438, 3758, 566, 1571, 1925, 1384, 3773, 2677, 2939, 725, 232, 3303, 1806, 2401, 763, 3535, 484, 73, 1881, 2089, 2622, 2142, 750, 3044, 707, 1809, 3724, 548, 3250, 2632, 2955, 1860, 329, 929, 2892, 400, 2909, 2532, 3549, 1814, 1822, 3502, 1949, 1854, 85, 2747, 3368, 3459, 2607, 2366, 3750, 284, 3570, 3209, 535, 3419, 2423]",,,,,88.0,0.49669070775429985,0.6473248369981046,-0.7083889105699998,0.9416681302115864,-0.7083889105699998,0.1,10,0.8083889105699997,-0.024777362704358707,0.021869194534017367,,0.5401536246212009,baseline_llm_rs,,,,,,,
9,10,0.7334635962895311,0.8216088477735283,855,0.6585232063740364,88.0,llm_rs,LLMRandomSampler,,,"[3766, 572, 39, 3662, 1656, 50, 2862, 2084, 1726, 3006, 3474, 1974, 1076, 3526, 2545, 2715, 1970, 3123, 2062, 2080, 3377, 590, 407, 683, 350, 1245, 2961, 2132, 2340, 2403, 3011, 228, 770, 34, 2308, 1975, 2200, 3355, 208, 3729, 1051, 111, 1813, 485, 2522, 168, 2211, 104, 310, 2942, 3783, 975, 3508, 2391, 3181, 2797, 2067, 3496, 704, 3568, 2646, 3354, 3489, 1888, 3632, 2984, 2427, 3658, 3722, 3047, 3437, 2664, 2463, 2268, 3164, 1215, 1300, 1528, 3760, 1911, 2100, 652, 2803, 2314, 1065, 1308, 930, 117]",,,,,88.0,0.4764787585897827,0.7400017812898119,-0.6803072492424017,0.979329761482987,0.6585232063740364,0.2,10,0.5401536246212009,0.021869194534017367,0.012021675692716283,,0.4833797460832109,baseline_llm_rs,,,,,,,
10,10,0.7454852719822473,0.832403150484989,943,-0.07705359041493418,88.0,llm_rs,LLMRandomSampler,,,"[966, 3, 3100, 2040, 1876, 3103, 1542, 3184, 3516, 3429, 1683, 3458, 1348, 2205, 1606, 3738, 3119, 3311, 121, 2673, 1710, 2153, 2065, 1267, 1124, 653, 3520, 2023, 2186, 1763, 2508, 2497, 3798, 2004, 2175, 1624, 3563, 1935, 728, 2774, 496, 3112, 440, 2393, 3078, 628, 3591, 1675, 3672, 1086, 941, 2264, 1020, 1613, 1659, 2599, 2455, 687, 288, 2227, 2649, 307, 3422, 2806, 3110, 547, 1118, 1088, 3216, 1053, 370, 1000, 2087, 421, 2582, 3344, 3490, 1993, 675, 998, 3243, 2122, 1434, 1270, 2032, 2449, 2513, 1524]",,,,,88.0,0.3011635819737603,0.23806653834986155,-0.48970590175148754,0.9072422237807366,-0.07705359041493418,0.2,10,0.4833797460832109,0.012021675692716283,-0.008612929578672102,,0.7899021731753642,baseline_llm_rs,,,,,,,
11,10,0.7368723424035752,0.8245472431726173,1031,-0.4899021731753642,88.0,llm_rs,LLMRandomSampler,,,"[293, 3038, 441, 2174, 1087, 1934, 2369, 2753, 2108, 3314, 724, 2844, 2375, 1774, 2016, 1412, 3618, 2159, 1090, 641, 2275, 2734, 2347, 1766, 2411, 1714, 1680, 2118, 1050, 1570, 3241, 1165, 3067, 2551, 1665, 497, 3592, 680, 756, 631, 2255, 1654, 2280, 2812, 1758, 193, 2510, 3598, 2158, 2374, 367, 2363, 466, 1776, 2201, 2279, 1271, 2441, 2010, 2116, 1473, 306, 129, 1275, 3561, 1462, 2611, 377, 1976, 1297, 1590, 2431, 3538, 2192, 3389, 777, 1753, 3223, 5, 2843, 2290, 3274, 3581, 3260, 233, 1203, 1534, 2782]",,,,,88.0,0.37440885385501227,0.6590054264339675,-0.4899021731753642,0.9182388082369948,-0.4899021731753642,0.3,10,0.7899021731753642,-0.008612929578672102,0.008896759305023538,,0.44474317409732433,baseline_llm_rs,,,,,,,
12,10,0.7457691017085988,0.8329056767140417,1119,-0.11385829881582411,88.0,llm_rs,LLMRandomSampler,,,"[1577, 1259, 2197, 56, 2657, 2387, 3527, 3780, 2232, 1390, 1815, 2832, 2121, 3097, 1221, 1759, 1329, 2071, 1028, 2316, 1359, 2278, 335, 1575, 2608, 2870, 2135, 3716, 2729, 1241, 16, 3771, 593, 3478, 3638, 2814, 688, 3018, 2143, 2536, 3599, 1062, 2974, 1342, 3721, 2762, 3782, 2617, 533, 3652, 3485, 190, 153, 1868, 3464, 2623, 2541, 1261, 1497, 385, 2296, 3337, 1466, 903, 2330, 2661, 3712, 3249, 287, 138, 2141, 3312, 334, 1365, 3208, 1009, 1663, 3276, 1750, 3128, 359, 1998, 3491, 1721, 867, 3189, 3500, 1465]",,,,,88.0,0.4020429157127318,0.5435946316082021,-0.3756280493788246,0.9267769793372894,-0.11385829881582411,0.2,10,0.44474317409732433,0.008896759305023538,-0.0074627747265862965,,0.9593016742293112,baseline_llm_rs,,,,,,,
13,10,0.7383063269820125,0.8258764980699365,1207,-0.7561163816014983,88.0,llm_rs,LLMRandomSampler,,,"[1802, 1964, 3338, 1002, 409, 2466, 3088, 1689, 1604, 2645, 1658, 1851, 853, 504, 681, 296, 2337, 3611, 2825, 417, 434, 640, 1823, 2147, 3735, 68, 909, 3578, 2710, 3173, 789, 3769, 112, 2534, 3174, 282, 646, 487, 1636, 2378, 1951, 3693, 1793, 2516, 1081, 1566, 355, 1969, 253, 767, 1112, 1666, 2294, 617, 60, 3727, 3462, 697, 3321, 1697, 598, 3432, 717, 3009, 1443, 1869, 3604, 596, 876, 1277, 1931, 3268, 1157, 1700, 3650, 2956, 954, 3413, 150, 2606, 3197, 1223, 2689, 1958, 1708, 2962, 2321, 1516]",,,,,88.0,0.2778852361487867,0.46960479924158516,-0.7624869668571242,0.9110112254476953,-0.7561163816014983,0.2,10,0.9593016742293112,-0.0074627747265862965,0.003039948281805316,,0.49619510876639594,baseline_llm_rs,,,,,,,
14,10,0.7413462752638178,0.8289673542885578,1295,-0.09191423772434942,88.0,llm_rs,LLMRandomSampler,,,"[1771, 259, 375, 2096, 1030, 48, 629, 3234, 813, 1678, 2218, 1768, 923, 161, 3313, 3226, 3382, 2865, 993, 2238, 3762, 3695, 2050, 2085, 330, 665, 583, 301, 530, 2828, 2663, 1491, 1291, 2487, 3449, 1074, 1367, 1699, 1461, 1489, 1475, 950, 1986, 3376, 353, 874, 2202, 2075, 3358, 3483, 3473, 3291, 1432, 1146, 137, 2583, 219, 908, 2413, 948, 1576, 1141, 3385, 1013, 2731, 3451, 391, 2690, 311, 2293, 2752, 1487, 3381, 3446, 3342, 372, 2947, 1928, 1335, 2381, 140, 2237, 1392, 811, 694, 2035, 513, 754]",,,,,88.0,0.48919781746578817,0.6648600954068775,-0.5004759798084424,0.9287530650513798,-0.09191423772434942,0.2,10,0.49619510876639594,0.003039948281805316,-0.00848482676831408,,1.0932138804347609,baseline_llm_rs,,,,,,,
15,10,0.7328614484955037,0.8210814210049874,1383,-0.6932138804347608,,,,,,,,,,,,0.21167498352651903,0.2996371367140781,-0.6932138804347608,0.9241234312580452,-0.6932138804347608,0.4,10,1.0932138804347609,-0.00848482676831408,,,,baseline_llm_rs,,,,,,,
1,10,0.5886363338722316,0.660237987065725,151,0.8790229608727579,88.0,llm_us,LLMUncertaintySampler,,,"[1486, 1487, 1531, 1503, 1277, 1532, 2453, 3449, 2485, 3658, 909, 1002, 1319, 1232, 2186, 3266, 1413, 3538, 2506, 735, 916, 2492, 2549, 1547, 769, 3262, 1961, 2486, 1458, 2232, 1726, 3493, 1105, 996, 826, 2144, 702, 824, 783, 959, 863, 872, 2536, 2495, 1916, 726, 1866, 1322, 1500, 2004, 1140, 1998, 2463, 3494, 498, 2494, 782, 1825, 2483, 868, 822, 2474, 2049, 2143, 815, 2497, 2257, 2098, 116, 871, 825, 3353, 632, 1549, 455, 2484, 2147, 1275, 1141, 811, 2790, 1274, 997, 2466, 3248, 1917, 3749, 643]",,,,,88.0,0.9093008057836134,0.93025416017235,0.8026441251332455,0.9552835116749617,0.8790229608727579,0.0,10,0.0,,0.09847590669490847,,0.0,baseline_llm_us,,,,,,,
2,10,0.68711224056714,0.7771891384484192,239,0.7933283413022776,88.0,llm_us,LLMUncertaintySampler,,,"[2402, 3659, 1724, 2731, 960, 827, 2142, 2141, 2342, 1499, 3216, 3382, 813, 3661, 2006, 2712, 1677, 3160, 2183, 3263, 2408, 1498, 646, 3339, 2374, 963, 3706, 3751, 1109, 2523, 1012, 2268, 2967, 2094, 3526, 454, 2050, 946, 604, 373, 2405, 1276, 2375, 1186, 3618, 3750, 918, 3539, 1273, 3533, 2392, 2088, 902, 3579, 1453, 3673, 292, 3481, 3304, 42, 737, 1150, 234, 1107, 2391, 3118, 1733, 945, 2008, 1092, 828, 2056, 3292, 1371, 2332, 2978, 2343, 3161, 3307, 3707, 1147, 2387, 641, 2180, 900, 687, 3391, 2939]",,,,,88.0,0.7404801462817957,0.8564146067017935,0.16520420717795142,0.9145980131600414,0.7933283413022776,0.0,10,0.0,0.09847590669490847,0.02783584988113874,,0.25473863281472364,baseline_llm_us,,,,,,,
3,10,0.7149480904482788,0.8044001784164283,327,0.3887974077102811,88.0,llm_us,LLMUncertaintySampler,,,"[2358, 2378, 2388, 2285, 2182, 2352, 2349, 2409, 2372, 2393, 2317, 2389, 2300, 2410, 2353, 2282, 2340, 2394, 2356, 2365, 2316, 2376, 2322, 598, 2338, 2302, 914, 2403, 2360, 2284, 603, 692, 2337, 2418, 542, 2370, 545, 2361, 2346, 2404, 2333, 2325, 1423, 3737, 3613, 1137, 2344, 2373, 553, 1227, 143, 3256, 2095, 2701, 2336, 2306, 2367, 3306, 3268, 3164, 3171, 2427, 689, 2385, 2303, 2319, 1229, 1410, 600, 2424, 3219, 780, 910, 1365, 2425, 552, 10, 1801, 923, 2331, 3117, 504, 771, 11, 2422, 1826, 3448, 2419]",,,,,88.0,0.5482708870767155,0.5917405481259967,-0.3094772656294472,0.9370936470504946,0.3887974077102811,0.1,10,0.25473863281472364,0.02783584988113874,-0.017046599573690924,,0.12767287430906438,baseline_llm_us,,,,,,,
4,10,0.6979014908745879,0.7876564324875082,415,0.3163165051245228,88.0,llm_us,LLMUncertaintySampler,,,"[1146, 934, 1865, 688, 3672, 508, 99, 2379, 597, 1999, 3124, 2778, 731, 3499, 3727, 1136, 3226, 3583, 370, 1379, 35, 1479, 4, 3580, 636, 367, 2723, 3713, 1568, 1230, 1065, 1631, 3349, 3346, 2801, 3347, 781, 3114, 861, 2190, 3312, 288, 316, 3718, 3628, 3352, 505, 2734, 67, 3612, 1590, 474, 243, 866, 3788, 1100, 2371, 2227, 1324, 3585, 1828, 446, 260, 638, 860, 1523, 834, 3534, 956, 1409, 649, 100, 958, 725, 867, 1090, 1412, 3314, 50, 2046, 3348, 694, 237, 1053, 558, 2185, 1913, 2010]",,,,,88.0,0.523215806715618,0.6241910907518924,-0.05534574861812877,0.9308868705355129,0.3163165051245228,0.1,10,0.12767287430906438,-0.017046599573690924,0.02825581165987545,,0.38791129486034037,baseline_llm_us,,,,,,,
5,10,0.7261573025344633,0.8147600105007553,503,0.025497099129255487,88.0,llm_us,LLMUncertaintySampler,,,"[3455, 3225, 1001, 2386, 3177, 3363, 462, 2111, 1769, 978, 2667, 1678, 3125, 3407, 3678, 954, 1003, 1856, 2783, 2000, 1321, 1368, 989, 459, 3625, 3522, 957, 3626, 2808, 2265, 20, 2752, 2780, 874, 2139, 1543, 2690, 732, 3336, 2366, 1013, 2860, 3215, 3364, 1560, 890, 3700, 1997, 1048, 3399, 3719, 568, 845, 1455, 2055, 3467, 961, 955, 3354, 233, 2889, 3298, 405, 2099, 456, 633, 3343, 46, 7, 2865, 1098, 1094, 3406, 1996, 1870, 901, 57, 2812, 3666, 1868, 2369, 589, 3293, 82, 106, 127, 967, 586]",,,,,88.0,0.4835498536476049,0.7262181922990506,-0.3758225897206807,0.9168767056458983,0.025497099129255487,0.2,10,0.38791129486034037,0.02825581165987545,0.025102888135105417,,0.14121394800648907,baseline_llm_us,,,,,,,
6,10,0.7512601906695687,0.8373080108714492,591,-0.041213948006489066,88.0,llm_us,LLMUncertaintySampler,,,"[2809, 2315, 1914, 1305, 2459, 182, 1060, 3771, 115, 546, 1875, 814, 1548, 2188, 3207, 765, 3664, 107, 1372, 3345, 3429, 1911, 6, 1676, 2146, 225, 3525, 1772, 966, 2041, 1768, 503, 2458, 1351, 3770, 2362, 128, 1544, 678, 1781, 1640, 873, 3660, 1145, 768, 417, 1771, 998, 750, 3698, 1111, 3360, 419, 1184, 3204, 2133, 2454, 3769, 904, 1271, 540, 1176, 1831, 2777, 2447, 2052, 3753, 3445, 2769, 1628, 1502, 313, 3530, 962, 1370, 819, 2782, 2823, 56, 3275, 1504, 3113, 2395, 2501, 729, 3123, 1086, 3255]",,,,,88.0,0.49885660391842473,0.539961807701012,-0.041213948006489066,0.909564596159105,-0.041213948006489066,0.1,10,0.14121394800648907,0.025102888135105417,-0.005729864591538569,,0.13089500446502111,baseline_llm_us,,,,,,,
7,10,0.7455303260780302,0.8321779955871003,679,0.3510181624054973,88.0,llm_us,LLMUncertaintySampler,,,"[1889, 2762, 2810, 2007, 854, 130, 2888, 855, 580, 2384, 2813, 1883, 1219, 2062, 148, 2382, 488, 1796, 83, 1890, 1120, 1024, 2223, 31, 407, 770, 1408, 703, 2020, 3721, 1974, 1050, 2838, 1454, 1119, 774, 3573, 979, 84, 150, 950, 1814, 2238, 717, 1689, 3587, 1958, 3717, 1596, 777, 2247, 98, 2096, 2807, 2224, 722, 1824, 1493, 587, 222, 374, 3705, 944, 453, 2698, 2859, 1635, 3739, 2013, 3765, 2866, 1735, 576, 54, 2191, 208, 3667, 675, 2034, 1496, 2005, 497, 3385, 522, 3482, 3772, 1818, 2736]",,,,,88.0,0.5169161323639664,0.5157053282593129,-0.06179000893004219,0.9358524127272602,0.3510181624054973,0.1,10,0.13089500446502111,-0.005729864591538569,-0.019779521308463166,,0.9449188555233408,baseline_llm_us,,,,,,,
8,10,0.725750804769567,0.8143195368813447,767,-0.5449188555233407,88.0,llm_us,LLMUncertaintySampler,,,"[2426, 2320, 1153, 588, 1007, 2956, 2324, 2411, 1773, 640, 2310, 2326, 2289, 2321, 1390, 2298, 821, 2318, 1333, 2554, 1445, 2231, 1876, 2308, 2534, 281, 3798, 1046, 140, 236, 369, 3535, 2304, 3174, 1687, 310, 3600, 3261, 2301, 265, 2714, 3132, 1099, 3529, 595, 1095, 680, 1978, 2327, 3446, 596, 1682, 1534, 1561, 3760, 2140, 1688, 830, 287, 8, 1181, 3308, 739, 584, 3320, 1675, 1367, 1004, 583, 1357, 2923, 53, 2421, 2311, 1638, 1009, 3297, 3650, 3396, 2179, 2297, 3323, 3588, 3170, 2, 3313, 3491, 3184]",,,,,88.0,0.22261695733856063,0.29029103263403866,-0.5449188555233407,0.9307545418910759,-0.5449188555233407,0.4,10,0.9449188555233408,-0.019779521308463166,0.01829620835025636,,0.5471225493702258,baseline_llm_us,,,,,,,
9,10,0.7440470131198234,0.8308452573302271,855,0.25790579444706224,88.0,llm_us,LLMUncertaintySampler,,,"[1028, 3378, 1030, 2758, 1076, 940, 2733, 2102, 131, 2066, 3784, 1790, 269, 1722, 2103, 1461, 1573, 2135, 390, 631, 2724, 666, 1705, 219, 2383, 499, 3584, 2433, 1666, 1318, 9, 1434, 2753, 135, 2061, 2759, 2048, 1143, 523, 840, 3500, 533, 757, 3260, 1148, 1995, 1507, 767, 3540, 372, 364, 138, 921, 2228, 3247, 2051, 1327, 165, 1097, 2113, 1820, 3328, 1259, 3792, 86, 1625, 2989, 3333, 547, 2767, 1685, 870, 1364, 3627, 1627, 634, 1648, 1056, 259, 1280, 21, 509, 1304, 241, 1401, 1962, 77, 1649]",,,,,88.0,0.2543707392444419,0.26144675823413166,-0.4942450987404515,0.9057673278883391,0.25790579444706224,0.3,10,0.5471225493702258,0.01829620835025636,0.014493600598884826,,0.5201081772057072,baseline_llm_us,,,,,,,
10,10,0.7585406137187082,0.8434402392791363,943,-0.10605903557352647,88.0,llm_us,LLMUncertaintySampler,,,"[2894, 3133, 3795, 2563, 1885, 2603, 2830, 2632, 2489, 2381, 2802, 928, 2814, 2541, 290, 2631, 3167, 2922, 2666, 2896, 43, 3389, 2583, 3211, 2611, 2771, 2842, 2861, 2610, 3355, 1716, 311, 2748, 723, 555, 339, 444, 155, 2267, 129, 2363, 3244, 3267, 2414, 812, 1840, 1605, 1005, 1497, 193, 329, 2919, 1559, 1121, 2280, 882, 1822, 2011, 3413, 3782, 1679, 2828, 3581, 1591, 2553, 3723, 1123, 3567, 1508, 1103, 637, 5, 3759, 3220, 2921, 1019, 756, 820, 69, 3206, 92, 2785, 639, 2831, 677, 3189, 1641, 1950]",,,,,88.0,0.358430967970243,0.4709972589357272,-0.534157318837888,0.9114209797789483,-0.10605903557352647,0.2,10,0.5201081772057072,0.014493600598884826,0.005785710471250094,,0.9773902809109919,baseline_llm_us,,,,,,,
11,10,0.7643263241899583,0.8482887628144742,1031,-0.17840539816371437,88.0,llm_us,LLMUncertaintySampler,,,"[2518, 2413, 1033, 1495, 543, 2296, 1931, 3383, 2750, 2887, 2757, 2201, 1043, 3768, 3329, 3725, 2891, 3067, 282, 2530, 1114, 2556, 1874, 87, 947, 510, 1213, 903, 137, 2398, 647, 1833, 1226, 191, 2529, 2776, 187, 2837, 2281, 1303, 3392, 2097, 245, 2811, 421, 232, 858, 577, 363, 1748, 1443, 261, 458, 2040, 1180, 3606, 749, 3783, 1595, 3358, 2858, 1238, 3704, 40, 2448, 3217, 3342, 1067, 1629, 132, 2729, 1193, 1152, 1088, 648, 3694, 3398, 3390, 686, 1731, 1287, 19, 1396, 452, 2264, 911, 582, 2085]",,,,,88.0,0.0734411896524652,0.062446774782745615,-0.7763751636582693,0.9266691390824128,-0.17840539816371437,0.5,10,0.9773902809109919,0.005785710471250094,-0.00040659535595388707,,0.30319702567889306,baseline_llm_us,,,,,,,
12,10,0.7639197288340044,0.8479460631449167,1119,0.5158927428826778,88.0,llm_us,LLMUncertaintySampler,,,"[90, 3444, 101, 13, 1691, 3411, 276, 1467, 1139, 681, 512, 1845, 724, 1211, 1955, 2134, 1934, 1212, 3456, 3289, 2309, 2476, 464, 3454, 556, 68, 3577, 1867, 180, 2745, 3502, 1490, 3366, 445, 1195, 1821, 377, 3716, 3764, 1775, 3451, 1555, 667, 359, 590, 1381, 740, 1144, 541, 784, 3688, 908, 630, 1382, 1102, 2357, 1686, 1505, 326, 1650, 2124, 1863, 548, 1823, 2856, 683, 3633, 3631, 41, 3311, 334, 494, 791, 2202, 559, 2067, 1550, 995, 365, 400, 1594, 136, 2158, 3496, 704, 3545, 2068, 1282]",,,,,88.0,0.3114305365018247,0.3639746221869632,-0.20639405135778616,0.8983423970794956,0.5158927428826778,0.2,10,0.30319702567889306,-0.00040659535595388707,-0.0015707067535450925,,0.7316350666398094,baseline_llm_us,,,,,,,
13,10,0.7623490220804593,0.8465867781430061,1207,0.4397125149178272,88.0,llm_us,LLMUncertaintySampler,,,"[2654, 2917, 2746, 2597, 2975, 1260, 2606, 2621, 2348, 2708, 2885, 2946, 2743, 2650, 2855, 2694, 2737, 2655, 2886, 2684, 2695, 2941, 2882, 2826, 2711, 2710, 2843, 2738, 2883, 2598, 2605, 2722, 2881, 2772, 2910, 2739, 3006, 2914, 2853, 2893, 2796, 2059, 2980, 2622, 1306, 2913, 2663, 2314, 779, 2615, 2600, 3064, 2681, 1581, 2851, 3003, 2630, 3556, 2171, 2652, 2824, 1519, 2596, 2727, 2709, 2797, 3054, 3652, 2942, 2766, 2625, 1157, 2586, 1750, 413, 1898, 3388, 2799, 2884, 434, 114, 2685, 2996, 2900, 970, 2713, 1359, 1166]",,,,,88.0,0.15444337123916158,0.34554181803866857,-0.6632701332796187,0.8708372844638039,0.4397125149178272,0.4,10,0.7316350666398094,-0.0015707067535450925,-0.013684459953789085,,0.41413335245760596,baseline_llm_us,,,,,,,
14,10,0.7486645621266702,0.8348243946791711,1295,0.7040063177733683,88.0,llm_us,LLMUncertaintySampler,,,"[1404, 3202, 3668, 3714, 773, 593, 1044, 1864, 1636, 3191, 409, 1008, 3738, 3264, 3722, 668, 1516, 3620, 475, 1363, 1829, 1541, 728, 3674, 1449, 3637, 1221, 875, 3747, 2237, 772, 919, 766, 418, 524, 204, 2756, 3185, 1695, 15, 1054, 565, 3513, 201, 3460, 1049, 659, 284, 3357, 569, 328, 226, 3412, 3402, 2087, 1815, 3492, 3365, 1235, 3175, 1360, 112, 3278, 1281, 592, 3144, 695, 3128, 3490, 1016, 177, 1182, 2834, 333, 3291, 1907, 2177, 362, 39, 1059, 2187, 1189, 3395, 3221, 1191, 3394, 886, 1515]",,,,,88.0,0.3605362527825949,0.3298547671787021,-0.4282667049152119,0.9006316347790126,0.7040063177733683,0.2,10,0.41413335245760596,-0.013684459953789085,0.021719367758193164,,0.6839988263814116,baseline_llm_us,,,,,,,
15,10,0.7703839298848634,0.8533512024532341,1383,-0.02903818347909486,,,,,,,,,,,,0.25920586923617567,0.3974056702044701,-0.5389594692837283,0.9006944495030084,-0.02903818347909486,0.4,10,0.6839988263814116,0.021719367758193164,,,,baseline_llm_us,,,,,,,
1,10,0.6220824625365067,0.7043900545475252,151,0.638748389714635,88.0,random,RandomSampler,,,"[728, 2806, 2089, 530, 200, 3389, 892, 475, 1273, 1892, 3104, 2324, 680, 1246, 1062, 2360, 3503, 1235, 1837, 1081, 285, 574, 2019, 2262, 2065, 2779, 191, 1472, 824, 50, 729, 3077, 2672, 3303, 1478, 882, 2016, 2116, 2737, 1671, 3694, 948, 509, 3403, 1836, 215, 3228, 164, 2838, 1660, 428, 2923, 2103, 3425, 3746, 1700, 20, 3372, 3674, 1978, 1128, 1566, 1568, 129, 1840, 3591, 1255, 1887, 726, 301, 508, 1908, 1250, 3018, 1082, 855, 2875, 137, 871, 593, 611, 888, 2917, 2534, 3672, 319, 591, 3465]",,,,,88.0,0.8406829622747996,0.8900181086051204,0.638748389714635,0.9488941161304825,0.638748389714635,0.0,10,0.0,,0.08009033522436337,,0.0,baseline_random,,,,,,,
2,10,0.70217279776087,0.7930097234532542,239,0.8552196845472544,88.0,random,RandomSampler,,,"[2176, 1974, 21, 3605, 2893, 1813, 2827, 3040, 1920, 3327, 2253, 2909, 2551, 2649, 1638, 2475, 1335, 1393, 2810, 2482, 3554, 783, 1148, 1707, 555, 916, 1927, 1855, 734, 1493, 1310, 1955, 635, 2098, 2789, 872, 1781, 3565, 1716, 3114, 2762, 3361, 193, 1523, 2191, 2722, 1409, 2712, 1699, 453, 2137, 3773, 235, 1449, 292, 3095, 963, 518, 845, 2387, 2700, 1223, 3197, 3468, 3242, 537, 2392, 1821, 893, 1123, 1640, 904, 2741, 669, 237, 1489, 3216, 740, 1870, 3525, 2349, 4, 2319, 940, 2777, 546, 2558, 2669]",,,,,88.0,0.8880361729057331,0.8923245273273985,0.8303031143392551,0.9246181535468779,0.8552196845472544,0.0,10,0.0,0.08009033522436337,0.01273636258205979,,0.0,baseline_random,,,,,,,
3,10,0.7149091603429298,0.80515463395611,327,0.8624922915012317,88.0,random,RandomSampler,,,"[2258, 123, 1385, 3662, 2552, 1661, 3787, 658, 3707, 2508, 3253, 3174, 3376, 3133, 513, 2426, 2330, 2409, 185, 695, 2608, 1108, 1979, 3422, 3494, 1851, 753, 236, 3230, 854, 1963, 1139, 1997, 1776, 2974, 1581, 1448, 1387, 2822, 241, 806, 2202, 3356, 2144, 1584, 1374, 2589, 2034, 467, 1261, 1983, 1045, 606, 2661, 1775, 1051, 2325, 2404, 968, 1098, 2828, 3349, 2080, 3282, 3182, 16, 1457, 333, 2803, 1973, 704, 424, 2887, 154, 3613, 603, 2780, 159, 2791, 3267, 345, 1359, 1383, 2529, 210, 2153, 3426, 2405]",,,,,88.0,0.8472169996349288,0.8687440325588508,0.707004030732301,0.9458849594571147,0.8624922915012317,0.0,10,0.0,0.01273636258205979,-0.058759375108370815,,0.0,baseline_random,,,,,,,
4,10,0.656149785234559,0.7437968762520202,415,0.5393336705870365,88.0,random,RandomSampler,,,"[2523, 2264, 1748, 2414, 3292, 3388, 37, 3132, 3123, 3105, 391, 1501, 96, 2011, 1432, 945, 1549, 375, 2082, 3293, 951, 3027, 3316, 3556, 3346, 2513, 212, 1650, 1793, 3505, 105, 111, 2510, 3798, 3479, 2763, 1853, 1186, 801, 2213, 1541, 1399, 743, 2986, 763, 1914, 3258, 94, 84, 2444, 1119, 1388, 122, 2795, 392, 2297, 3788, 2948, 873, 3549, 1750, 3099, 1206, 1269, 2073, 2032, 177, 1199, 1170, 1204, 1802, 3263, 2411, 766, 2294, 1176, 2574, 1344, 1451, 2227, 1287, 936, 2509, 1162, 2561, 2204, 3423, 2284]",,,,,88.0,0.8235619209290294,0.8808059922594413,0.5393336705870365,0.920850298351973,0.5393336705870365,0.0,10,0.0,-0.058759375108370815,0.0809774414402078,,0.14673462344214322,baseline_random,,,,,,,
5,10,0.7371272266747668,0.8251226767880431,503,0.4028307208630591,88.0,random,RandomSampler,,,"[1441, 1706, 143, 1913, 939, 440, 2915, 2061, 1036, 2386, 3722, 3160, 3666, 1524, 3120, 2358, 758, 1390, 1708, 3336, 1846, 112, 198, 1884, 1877, 1665, 923, 896, 3650, 2298, 2173, 2215, 1511, 1890, 1270, 1313, 3165, 2851, 2654, 53, 2352, 1300, 897, 42, 417, 2813, 977, 2113, 3506, 3692, 2648, 3446, 2361, 1925, 1667, 1224, 1519, 1882, 1111, 3753, 3430, 1816, 3067, 514, 1986, 2793, 294, 1867, 1917, 1377, 2705, 751, 3184, 168, 901, 265, 997, 609, 677, 2567, 850, 3496, 3355, 3763, 3393, 2187, 3783, 1557]",,,,,88.0,0.6733705143128208,0.825132843281867,-0.09346924688428643,0.9533379867523758,0.4028307208630591,0.1,10,0.14673462344214322,0.0809774414402078,-0.033265235848665364,,0.0,baseline_random,,,,,,,
6,10,0.7038619908261015,0.7936689712130405,591,0.3622796844013409,88.0,random,RandomSampler,,,"[1627, 986, 3108, 2301, 2823, 1811, 3717, 2115, 1351, 1355, 1643, 2055, 767, 3421, 2218, 2557, 1819, 2310, 1026, 3568, 2489, 607, 307, 2051, 1594, 3618, 2713, 3037, 2124, 2980, 941, 2373, 814, 531, 1618, 2616, 1392, 2782, 773, 2918, 673, 1526, 2473, 1312, 3784, 1696, 55, 1635, 3178, 994, 1556, 570, 2328, 2471, 3489, 413, 851, 1279, 2050, 2135, 1833, 2119, 1785, 2311, 765, 2688, 1731, 498, 1897, 2010, 1854, 1372, 3136, 723, 2747, 1092, 3092, 1676, 3012, 3476, 2914, 878, 3223, 750, 1730, 1889, 512, 1109]",,,,,88.0,0.5476171304166515,0.5122237261297349,0.11396833700075498,0.918618280430415,0.3622796844013409,0.0,10,0.0,-0.033265235848665364,0.011567461508421917,,0.16460128097448096,baseline_random,,,,,,,
7,10,0.7154294523345234,0.8048169289174096,679,0.7436469696318667,88.0,random,RandomSampler,,,"[3240, 2958, 3098, 189, 2983, 3797, 3264, 577, 1563, 3502, 2453, 724, 163, 1848, 460, 3551, 989, 2729, 2027, 2030, 2799, 993, 3370, 2612, 2797, 3299, 880, 1766, 397, 3013, 2959, 1971, 2317, 1169, 935, 908, 202, 1453, 1528, 3459, 3474, 349, 899, 2106, 1379, 1530, 1435, 2966, 300, 2160, 2447, 1624, 2290, 308, 3453, 1293, 2238, 3557, 1178, 3143, 1074, 1562, 930, 90, 1306, 3243, 840, 2356, 2796, 1115, 2292, 688, 3297, 1933, 1008, 1621, 1542, 3025, 1616, 3179, 3727, 1826, 1945, 95, 3196, 3286, 2815, 1033]",,,,,88.0,0.6288402987046247,0.7931121798601335,-0.12920256194896193,0.9668198311414813,0.7436469696318667,0.1,10,0.16460128097448096,0.011567461508421917,0.011102801358421233,,0.7278788183816114,baseline_random,,,,,,,
8,10,0.7265322536929446,0.8151748313569573,767,-0.5044743140739009,88.0,random,RandomSampler,,,"[448, 2932, 2997, 3247, 3173, 588, 1991, 1966, 497, 85, 961, 165, 38, 699, 3611, 1809, 3434, 2884, 3684, 1810, 795, 1835, 625, 2259, 2617, 1339, 121, 312, 2599, 1368, 3534, 3417, 653, 3100, 3312, 1259, 3456, 2532, 1097, 2951, 2786, 3659, 3685, 3097, 1264, 960, 3630, 6, 1719, 1868, 2097, 863, 2933, 2105, 1180, 1122, 1629, 3598, 2454, 515, 991, 914, 1639, 581, 632, 2653, 2388, 2120, 2242, 342, 2533, 1248, 689, 1329, 2970, 3331, 717, 2771, 3515, 1796, 2767, 2143, 426, 523, 2572, 1951, 2556, 2376]",,,,,88.0,0.472044454833214,0.8064962695303441,-0.5512833226893218,0.953523336512459,-0.5044743140739009,0.2,10,0.7278788183816114,0.011102801358421233,-0.01078783657430682,,0.0,baseline_random,,,,,,,
9,10,0.7157444171186378,0.8061697535458138,855,0.7755492269254487,88.0,random,RandomSampler,,,"[3255, 622, 2048, 3191, 1838, 380, 3726, 925, 3167, 3754, 1964, 592, 1000, 2666, 3697, 1155, 1467, 3667, 3017, 2066, 2981, 3441, 2267, 832, 2562, 2024, 2408, 2891, 2329, 2530, 715, 2367, 3466, 696, 2541, 2975, 1608, 3220, 405, 853, 1968, 1054, 2232, 2706, 1397, 2570, 2545, 1804, 437, 2448, 369, 2422, 3706, 2743, 938, 3626, 108, 735, 2868, 1214, 57, 3580, 2320, 3467, 1759, 3508, 2075, 3212, 1348, 2886, 2725, 3153, 1801, 1341, 1704, 2062, 2287, 1926, 100, 1447, 476, 1251, 614, 3161, 2535, 502, 2384, 633]",,,,,88.0,0.7033781528887911,0.7563333155368233,0.1736996944547803,0.9672295274841457,0.7755492269254487,0.0,10,0.0,-0.01078783657430682,0.018825618867384764,,0.4560157596917449,baseline_random,,,,,,,
10,10,0.7345700359860226,0.8225849600626989,943,-0.10432947608801278,88.0,random,RandomSampler,,,"[2657, 1943, 499, 248, 56, 2877, 2516, 2804, 547, 3774, 3, 987, 1157, 3748, 1689, 649, 2466, 1900, 505, 2922, 562, 3545, 2164, 255, 2934, 1001, 1948, 1243, 1863, 2121, 1089, 703, 2587, 2486, 1567, 928, 1069, 1508, 2583, 277, 2289, 3680, 1958, 2015, 3342, 545, 1752, 1916, 2169, 918, 7, 275, 2603, 2596, 1009, 639, 3675, 792, 1590, 3775, 1520, 1371, 1168, 2056, 1647, 18, 517, 3256, 3678, 2084, 3295, 3728, 1137, 2049, 2736, 3402, 985, 3664, 3062, 3640, 1012, 2081, 2314, 2087, 395, 2624, 982, 2940]",,,,,88.0,0.40200108598587353,0.3150206134597209,-0.20770204329547703,0.9581803591273303,-0.10432947608801278,0.3,10,0.4560157596917449,0.018825618867384764,0.017061484324231047,,0.5013618226056684,baseline_random,,,,,,,
11,10,0.7516315203102536,0.837598657018985,1031,0.01665824553838779,88.0,random,RandomSampler,,,"[777, 757, 1522, 2038, 2881, 1425, 1976, 2366, 3073, 3760, 1723, 347, 731, 697, 820, 779, 3439, 617, 3271, 2802, 2481, 2650, 2543, 2193, 1112, 3440, 799, 3222, 3462, 2944, 1790, 911, 796, 2174, 1466, 628, 3368, 2837, 1408, 504, 2593, 681, 2809, 1654, 2497, 841, 1381, 1053, 3235, 3683, 330, 1591, 474, 3036, 1634, 2237, 1828, 2843, 2766, 2072, 2733, 3656, 363, 1876, 2445, 1196, 2476, 3442, 489, 2692, 1980, 934, 3673, 1981, 2383, 1969, 127, 1596, 382, 1824, 2000, 638, 2109, 2141, 1021, 3011, 2304, 3391]",,,,,88.0,0.3795853870718187,0.5295495437055154,-0.6027236452113369,0.9332182595586161,0.01665824553838779,0.2,10,0.5013618226056684,0.017061484324231047,-0.005063146931005735,,0.49145797834840876,baseline_random,,,,,,,
12,10,0.7465683733792479,0.8337846246336289,1119,-0.0030869419584874758,88.0,random,RandomSampler,,,"[2379, 267, 3776, 2857, 1555, 1166, 1420, 3714, 2455, 2699, 3693, 1791, 2054, 1232, 419, 1637, 865, 1428, 3782, 3740, 1035, 1370, 2412, 1215, 2821, 3164, 2937, 1356, 3226, 962, 421, 2327, 3324, 2674, 482, 2040, 2302, 1094, 2275, 2774, 978, 219, 3229, 1236, 1597, 420, 1673, 900, 2094, 3771, 264, 668, 1888, 1105, 2365, 876, 3573, 3756, 2403, 339, 745, 826, 110, 1765, 282, 1762, 1202, 3048, 1256, 1879, 1285, 709, 3275, 2601, 771, 1077, 304, 1443, 2845, 2985, 1938, 1241, 451, 3000, 2225, 3337, 3405, 2270]",,,,,88.0,0.29439049557513286,0.26780051150949213,-0.3798290147383301,0.9432269336977106,-0.0030869419584874758,0.3,10,0.49145797834840876,-0.005063146931005735,-0.003553630302877031,,0.6074290677855502,baseline_random,,,,,,,
13,10,0.7430147430763708,0.8299221668523471,1207,0.6333879900407138,88.0,random,RandomSampler,,,"[2168, 1086, 1151, 1179, 3096, 1911, 2960, 1284, 350, 286, 1218, 3533, 341, 1198, 1615, 1004, 427, 672, 488, 1982, 1238, 1701, 1632, 522, 1904, 1825, 496, 2487, 2012, 1518, 2801, 1099, 1274, 2613, 2536, 1130, 3343, 3642, 1413, 327, 409, 3181, 1076, 2595, 1267, 3385, 365, 435, 2976, 132, 503, 2323, 2394, 1663, 3054, 868, 36, 2209, 760, 1031, 1311, 2842, 2912, 2600, 2099, 2992, 1380, 2776, 2683, 3140, 1405, 3288, 2449, 3708, 3524, 3274, 2041, 2142, 980, 2279, 3065, 19, 2492, 569, 3507, 2150, 692, 1003]",,,,,88.0,0.30167791672536337,0.3527819364965789,-0.6148581355711004,0.9330545827806668,0.6333879900407138,0.3,10,0.6074290677855502,-0.003553630302877031,-0.025503455962501476,,0.5986810326366748,baseline_random,,,,,,,
14,10,0.7175112871138694,0.8066310294755673,1295,0.29064358231411175,88.0,random,RandomSampler,,,"[1691, 2962, 2695, 3485, 3725, 3142, 3424, 455, 2343, 1631, 1822, 1343, 3211, 1898, 2391, 719, 1120, 3553, 2549, 1375, 2702, 1788, 3088, 2369, 933, 2315, 2138, 172, 1384, 1124, 1058, 2740, 40, 5, 1090, 1527, 2263, 68, 2518, 579, 386, 3766, 3231, 835, 2139, 708, 1158, 1605, 2088, 926, 473, 1462, 3338, 268, 3530, 1975, 1332, 884, 2714, 2296, 974, 3607, 2268, 150, 2563, 2882, 213, 388, 3249, 1184, 556, 2708, 3542, 1625, 3127, 988, 3731, 1573, 3308, 3513, 819, 3563, 1024, 1165, 3332, 1013, 374, 1792]",,,,,88.0,0.3455406824258954,0.5239519450633576,-0.5973620652733497,0.878857435382046,0.29064358231411175,0.3,10,0.5986810326366748,-0.025503455962501476,0.02600210433711525,,0.724134208440353,baseline_random,,,,,,,
15,10,0.7435133914509846,0.8303466759286104,1383,0.04679771525368686,,,,,,,,,,,,0.15471129128379799,0.22537286827210787,-0.6482684168807061,0.8865358185485257,0.04679771525368686,0.4,10,0.724134208440353,0.02600210433711525,,,,baseline_random,,,,,,,
1,10,0.610057182902355,0.6887731328139312,151,0.8752402072549249,88.0,ad_kucs,ADKUCSSampler,coreset_to_labeled,"早期阶段(t=151, t/T_max≈0.1)，mIoU=0.6101无回撤。U分布均值低(0.188)表示不确定性不高，K分布有潜力(均值0.379, 75分位0.594)。提高lambda从0.1189到0.25以增强知识增益权重，促进样本多样性。选择前88个高得分样本，平衡U和K，预期提升长期ALC。","[1532, 1531, 1487, 2529, 1486, 2485, 2495, 2506, 2392, 3216, 542, 3262, 1277, 2453, 2540, 1439, 1503, 3658, 3160, 2402, 2474, 815, 827, 1141, 2257, 1916, 1913, 2712, 1232, 813, 1866, 909, 2050, 997, 2183, 2141, 3449, 2094, 2690, 2492, 2410, 2021, 722, 3266, 826, 2186, 2486, 1576, 1961, 996, 3526, 3118, 632, 966, 2049, 2374, 2552, 2004, 1413, 3771, 1577, 1107, 2523, 21, 1441, 2463, 454, 1322, 2494, 2006, 1664, 2095, 783, 1438, 1549, 2144, 1560, 2358, 3114, 1458, 849, 2375, 814, 726, 3347, 916, 3306, 2146]",0.188,,,,88.0,0.9026994413827015,0.9150294095317697,0.8185283750274981,0.9452850297167652,0.8752402072549249,0.0,10,0.0,,0.04334823318959258,0.25,0.0,full_model_k_coreset_to_labeled,0.25,0.25,,88.0,False,,0.610057182902355
2,10,0.6534054160919476,0.740875466258174,239,0.9084567375491974,88.0,ad_kucs,ADKUCSSampler,coreset_to_labeled,"Early stage (t=239, progress 15.73%), positive mIoU delta (0.074), no rollback risk. U distribution low mean (0.2569) and moderate variance; K distribution moderate mean (0.4678). Adjusted lambda from 0.1527 to 0.2 to slightly favor knowledge gain for diversity. Selected top-88 samples based on AD-KUCS scores with lambda=0.2.","[3659, 3538, 2353, 1998, 2356, 2343, 2182, 2349, 2394, 2408, 3125, 3493, 3494, 3588, 2373, 2370, 3372, 2232, 623, 824, 2332, 1140, 825, 2393, 3673, 1275, 2284, 219, 702, 2404, 2391, 1726, 2360, 2352, 2777, 687, 747, 373, 641, 2425, 737, 2385, 643, 2372, 2434, 2388, 3124, 769, 2056, 822, 2389, 1319, 2342, 3183, 1733, 959, 2340, 3522, 1917, 914, 2405, 3304, 598, 3268, 3586, 679, 1002, 960, 1828, 2302, 1100, 2384, 3533, 2300, 2316, 2333, 2809, 739, 3539, 1274, 3737, 604, 553, 3613, 2227, 2422, 3172, 735]",,,,,88.0,0.8770620979544098,0.9010450209320207,0.6810286869208696,0.9255772262746235,0.9084567375491974,0.0,10,0.0,0.04334823318959258,0.059700037585159516,0.2,0.471457110819247,full_model_k_coreset_to_labeled,0.2,0.2,,88.0,False,0.07403376157812869,0.6840909444804837
3,10,0.7131054536771071,0.8027416428843926,327,-0.06442166995518221,88.0,ad_kucs,ADKUCSSampler,coreset_to_labeled,"Selected top 88 samples based on AD-KUCS scores with lambda_t=0.1941, prioritizing uncertainty exploration in early stage as per user instruction.","[1012, 2556, 3364, 1547, 545, 2731, 462, 2111, 2733, 3177, 2142, 1453, 2285, 978, 3363, 1499, 90, 946, 2268, 3405, 868, 1724, 2433, 3353, 3625, 3225, 1276, 1500, 902, 42, 1186, 828, 1677, 2143, 1627, 1423, 860, 2371, 3292, 767, 2427, 1368, 3750, 1065, 131, 2395, 2367, 2667, 1498, 2939, 2000, 3161, 43, 1147, 3698, 2282, 3751, 2103, 3626, 1001, 1150, 1826, 2317, 2447, 2460, 811, 143, 3444, 2008, 3455, 2041, 1137, 1109, 164, 3481, 3180, 1365, 225, 918, 3336, 872, 3407, 3263, 31, 989, 2378, 1875, 3784]",,,,,88.0,0.43436635675350244,0.5397831053580596,-0.47849255168331184,0.9182951545348578,-0.06442166995518221,0.2,10,0.471457110819247,0.059700037585159516,0.011974411167824939,,0.20630484734684787,full_model_k_coreset_to_labeled,,,,88.0,False,0.032701679266724626,0.7167926237472083
4,10,0.725079864844932,0.8139462278840082,415,0.724363246735806,88.0,ad_kucs,ADKUCSSampler,coreset_to_labeled,Adjusted lambda from 0.2434 to 0.35 based on low U mean (0.20) and higher K mean (0.42) to enhance knowledge gain; set query_size=88 as specified; selected top-88 samples using lambda=0.35 for balanced exploration-exploitation in early stage (progress_ratio=0.2732).,"[782, 2801, 934, 3307, 3164, 3661, 2790, 1090, 923, 234, 2783, 603, 910, 3117, 370, 68, 600, 3349, 2808, 945, 2190, 2098, 1412, 646, 1371, 2967, 863, 3618, 3391, 1227, 3339, 771, 504, 1136, 288, 2769, 367, 3399, 780, 961, 3219, 1003, 3226, 871, 2139, 3352, 552, 2859, 1372, 3215, 57, 233, 3727, 2088, 4, 1273, 3706, 2444, 3713, 3314, 1410, 1229, 2823, 2734, 636, 2778, 3360, 2780, 1048, 2922, 874, 455, 689, 20, 3678, 781, 890, 3530, 958, 3248, 873, 11, 2723, 3293, 3798, 130, 2752, 3580]",0.2,,0.42,,88.0,0.6372860285246698,0.7543204574157212,-0.21260969469369573,0.9289581827075056,0.724363246735806,0.1,10,0.20630484734684787,0.011974411167824939,-0.000964753549973052,0.35,0.38896955226306934,full_model_k_coreset_to_labeled,0.35,0.35,,88.0,False,0.012512014400332228,0.7293046381475405
5,10,0.724115111294959,0.8128389649107592,503,-0.07766120700186689,88.0,ad_kucs,ADKUCSSampler,coreset_to_labeled,基于U分布低、K分布高，调整lambda=0.35以增强知识增益，选择top-88得分样本，旨在提升模型多样性和性能。,"[2536, 1856, 3171, 2709, 692, 3346, 2013, 2642, 1479, 967, 845, 1999, 731, 10, 3499, 3534, 3672, 35, 505, 508, 2701, 1379, 3467, 2379, 597, 3448, 3583, 1865, 688, 1523, 866, 1146, 3312, 2133, 732, 1568, 1324, 2346, 1321, 1801, 2185, 558, 1184, 638, 1455, 649, 3385, 99, 1271, 3612, 459, 3389, 509, 1390, 1230, 867, 1409, 1649, 3345, 3664, 446, 1631, 3343, 523, 2810, 417, 1911, 963, 957, 1092, 1825, 2459, 1067, 107, 765, 834, 3207, 1445, 725, 1676, 3581, 243, 1370, 100, 954, 50, 3628, 3718]",,,,,88.0,0.4283960571200353,0.43515841848431747,-0.3002778975242718,0.9575627804668253,-0.07766120700186689,0.2,10,0.38896955226306934,-0.000964753549973052,0.003228528599127478,0.35,0.0,full_model_k_coreset_to_labeled,0.35,0.35,,88.0,False,0.008157521229006481,0.737462159376547
6,10,0.7273436398940865,0.815771453623078,591,0.09402308336000986,88.0,ad_kucs,ADKUCSSampler,coreset_to_labeled,"Selected 88 samples using lambda=0.4 to enhance knowledge gain while considering uncertainty, based on distribution analysis and budget constraints.","[2366, 3256, 208, 1678, 2387, 1219, 1548, 633, 1870, 456, 2365, 861, 1060, 2055, 1502, 1543, 2403, 1105, 589, 2099, 1076, 2382, 3348, 1768, 2497, 546, 2265, 2978, 2418, 1111, 821, 1497, 3700, 2386, 770, 3247, 3585, 3660, 106, 1247, 1086, 2458, 3525, 232, 1997, 1635, 2554, 3255, 3753, 950, 694, 855, 1682, 750, 128, 503, 1305, 2135, 419, 768, 928, 3308, 678, 2010, 316, 2369, 127, 3788, 2534, 2518, 1408, 1094, 680, 236, 540, 19, 67, 3500, 2454, 779, 3297, 595, 260, 962, 1889, 3111, 2102, 2]",,,,,88.0,0.5287775478848695,0.5382322169783725,0.09402308336000986,0.9112582936718658,0.09402308336000986,0.0,10,0.0,0.003228528599127478,0.028823411873949323,0.4,0.30968558152785625,full_model_k_coreset_to_labeled,0.4,0.4,,88.0,False,0.014991730213331111,0.7524538895898781
7,10,0.7561670517680358,0.8416440185119083,679,0.6720376932355874,88.0,ad_kucs,ADKUCSSampler,coreset_to_labeled,"Adjusted lambda to 0.5 based on low U mean (0.139) and higher K mean (0.524) to favor knowledge gain, selecting top 88 samples for diversity and coverage.","[2362, 2549, 2052, 2320, 2376, 2424, 2337, 2325, 2361, 2409, 2331, 2315, 2895, 2303, 2860, 3382, 2338, 2426, 2411, 2324, 1396, 2419, 2344, 2319, 1120, 2894, 2318, 2758, 2289, 2888, 757, 2267, 24, 2322, 2336, 2309, 2813, 3606, 2865, 1211, 1351, 2287, 2051, 2666, 3707, 2764, 577, 665, 2297, 2321, 2563, 2842, 1722, 2753, 756, 390, 2632, 2314, 2763, 1885, 2759, 2782, 3739, 1176, 2328, 1393, 2305, 713, 1914, 2298, 2925, 2292, 2383, 758, 115, 2201, 2489, 1496, 2293, 1704, 2553, 84, 854, 1493, 3650, 901, 2326, 1303]",0.139,,0.524,,88.0,0.4917969105570613,0.5967313991292096,-0.4193711630557125,0.9307094794605157,0.6720376932355874,0.1,10,0.30968558152785625,0.028823411873949323,-0.028851443535353738,0.5,0.9913567770541494,full_model_k_coreset_to_labeled,0.5,0.5,,88.0,False,0.0037131621781576474,0.7561670517680358
8,10,0.727315608232682,0.81575183779594,767,-0.7913567770541494,88.0,ad_kucs,ADKUCSSampler,coreset_to_labeled,miou_delta轻微负(-0.0016)，U分布均值低(0.181)且K分布均值高(0.601)；微调λ从0.5062到0.50以轻微偏向不确定性，平衡样本选择；query_size=88在预算内；基于λ=0.50选择Top-88样本以优化多样性。,"[2736, 2735, 2794, 148, 369, 1691, 2188, 2830, 488, 237, 956, 499, 3132, 3354, 329, 3127, 7, 1534, 1098, 2005, 56, 510, 405, 819, 1009, 1823, 3220, 1640, 3261, 1710, 2923, 955, 365, 6, 140, 2248, 282, 421, 1143, 1004, 2224, 1382, 998, 150, 1666, 1490, 539, 2096, 588, 2956, 740, 3540, 1561, 3719, 3174, 3303, 1790, 2231, 2724, 640, 1050, 639, 2698, 1145, 2891, 1180, 2812, 1461, 774, 1153, 3667, 820, 921, 2191, 777, 3123, 1822, 1046, 1868, 701, 3446, 3209, 3258, 522, 1280, 1638, 1099, 40]",0.181,,0.601,,88.0,0.332764597390911,0.32341105306585305,-0.7913567770541494,0.8882959372636566,-0.7913567770541494,0.2,10,0.9913567770541494,-0.028851443535353738,0.019185516530260904,0.5,0.5641682009822219,full_model_k_coreset_to_labeled,0.5,0.5,,88.0,False,-0.0016193211011552577,0.7545477306668805
9,10,0.746501124762943,0.8329848673033837,855,-0.46416820098222183,88.0,ad_kucs,ADKUCSSampler,coreset_to_labeled,"Set query_size=88 per user request; adjusted lambda from 0.5779 to 0.6 based on low U mean (0.1886) and stable model (miou_delta=-0.0024, no rollback) to slightly favor knowledge gain; selected top-88 samples with high AD-KUCS scores for uncertainty-knowledge balance; adjustments within ±0.3 range and budget sufficient.","[2481, 46, 1013, 729, 1686, 498, 3567, 1181, 631, 3141, 2147, 3769, 3782, 1508, 1890, 2762, 241, 1053, 1685, 1688, 586, 372, 1775, 374, 3770, 1596, 3705, 3298, 2767, 2180, 334, 3573, 1996, 1357, 1287, 1148, 3631, 904, 1327, 1622, 1821, 1934, 3482, 1318, 3204, 1771, 406, 3113, 1636, 1364, 2756, 840, 363, 407, 1095, 3768, 1504, 3313, 2228, 1088, 1511, 1595, 83, 1226, 3445, 1590, 3333, 3429, 497, 287, 3772, 1689, 182, 1731, 3725, 870, 317, 1237, 1326, 547, 2547, 1016, 3519, 1005, 1102, 2548, 2482, 3396]",0.1886,,,,88.0,0.4726751273378779,0.5649734337020018,-0.46416820098222183,0.9744775047789953,-0.46416820098222183,0.1,10,0.5641682009822219,0.019185516530260904,0.0054441531560628365,0.6,0.8559031445967549,full_model_k_coreset_to_labeled,0.6,0.6,,88.0,False,-0.002440129910107336,0.7521076007567732
10,10,0.7519452779190058,0.8376922906008124,943,-0.5559031445967548,88.0,ad_kucs,ADKUCSSampler,coreset_to_labeled,基于U/K分布分析，U均值低(0.115)且方差小，K分布中等(0.494)，当前阶段中期且miou正增长，微调lambda至0.65以偏向知识增益探索。选择top 88个高融合得分样本，以优化模型学习曲线。,"[3795, 940, 1769, 2435, 2329, 897, 1660, 556, 3272, 323, 3189, 1477, 2787, 2884, 1521, 1167, 2363, 2713, 2381, 2296, 3167, 1761, 2173, 1125, 2566, 2861, 2570, 398, 2683, 1391, 3317, 2445, 760, 2653, 54, 2913, 2869, 3267, 806, 2814, 3744, 2347, 745, 3017, 2603, 2539, 2275, 2995, 1679, 2396, 2397, 1077, 2748, 1628, 2413, 2624, 2625, 1431, 1123, 2583, 625, 135, 98, 2596, 3244, 2915, 2414, 312, 1260, 3666, 2746, 2665, 2686, 2660, 1214, 3222, 3633, 1, 1671, 2223, 2571, 3383, 2896, 2218, 2448, 2247, 2511, 281]",0.115,,,,88.0,0.3003074270944691,0.39849987063854975,-0.5559031445967548,0.862663074853494,-0.5559031445967548,0.3,10,0.8559031445967549,0.0054441531560628365,-0.008159101514634837,0.65,0.8456879142583081,full_model_k_coreset_to_labeled,0.65,0.65,,88.0,False,0.0008009145452372302,0.7529085153020104
11,10,0.743786176404371,0.8305758780867942,1031,-0.6456879142583081,88.0,ad_kucs,ADKUCSSampler,coreset_to_labeled,接近后期（进度0.6787），U分布低（均值0.1677）而K分布均匀，轻微负miou_delta（-0.0031）未触发回撤。提高λ至0.75以增强知识增益覆盖，选择高得分样本最大化ALC并稳定学习曲线。,"[2487, 1031, 2134, 635, 1152, 2993, 1797, 1254, 2498, 584, 627, 1355, 1675, 1208, 350, 2541, 3286, 3529, 228, 980, 626, 2150, 2085, 2520, 262, 580, 2706, 87, 2522, 2476, 3034, 1991, 3797, 2827, 2502, 2802, 3516, 180, 1296, 1855, 3427, 1609, 1256, 2466, 1300, 1544, 1126, 1748, 116, 1707, 3337, 3535, 992, 1033, 487, 2590, 1618, 2129, 265, 3328, 532, 3012, 137, 1974, 1571, 9, 3721, 2562, 2542, 1573, 2398, 2658, 1309, 900, 1659, 903, 1526, 2543, 2513, 1796, 1026, 2020, 3561, 1339, 2932, 2066, 714, 1397]",,,,,88.0,0.2548842670849451,0.3272538486864158,-0.6456879142583081,0.9222274333794502,-0.6456879142583081,0.2,10,0.8456879142583081,-0.008159101514634837,0.0046291032611263105,0.75,0.5765842290729948,full_model_k_coreset_to_labeled,0.75,0.75,,88.0,False,-0.003084003371291555,0.7498245119307189
12,10,0.7484152796654973,0.8347442379142379,1119,0.45981567671785395,88.0,ad_kucs,ADKUCSSampler,coreset_to_labeled,"后期阶段(t=1119, progress_ratio=0.7367)，模型性能稳定(mIoU_delta=+0.009)，无回撤。U分布均值低(0.103)且集中，模型不确定性低；K分布均值0.531，75分位0.615，表明未标注池中仍有知识增益空间。微增lambda从0.7655至0.78，以侧重知识增益(K)探索，在低不确定性下优化模型覆盖与新颖性。选择AD-KUCS得分前88个样本（lambda=0.78），旨在提升最终mIoU与学习曲线面积(ALC)。","[1555, 3370, 1491, 2012, 3656, 936, 198, 1014, 1160, 2330, 1218, 3547, 345, 3723, 1588, 1204, 2131, 1206, 3731, 3777, 466, 197, 155, 749, 763, 1946, 349, 1297, 3554, 1465, 303, 1879, 853, 1448, 2084, 1693, 467, 975, 69, 3598, 293, 1524, 1263, 2220, 1809, 1172, 1613, 2572, 389, 742, 2593, 253, 1606, 60, 1537, 2739, 3411, 1264, 2145, 924, 1308, 697, 250, 3507, 2311, 2193, 843, 319, 3506, 1380, 1293, 158, 1703, 207, 1541, 2824, 1944, 1632, 300, 475, 3424, 3441, 206, 1063, 74, 2211, 519, 548]",0.103,,0.531,,88.0,0.2694432334720753,0.3617502852018034,-0.5531684581459895,0.8905544156803705,0.45981567671785395,0.3,10,0.5765842290729948,0.0046291032611263105,0.01558237616571767,0.78,0.824242913478284,full_model_k_coreset_to_labeled,0.78,0.78,,88.0,False,0.00900579565721038,0.7588303075879292
13,10,0.7639976558312149,0.848149686836434,1207,0.581170498051143,88.0,ad_kucs,ADKUCSSampler,coreset_to_labeled,基于后期阶段和高lambda_t=0.8135，U分布低且K分布中等，miou正增长无回撤风险，选择top-88样本以偏向知识增益增强模型覆盖。,"[753, 2469, 2175, 2555, 3393, 163, 165, 3281, 64, 1614, 2174, 335, 1108, 3695, 2301, 1583, 142, 658, 3542, 1864, 2450, 3392, 1945, 2473, 2558, 161, 2058, 1584, 333, 2441, 2151, 378, 311, 3241, 418, 2442, 259, 3, 132, 3112, 344, 1995, 1114, 3508, 1668, 2105, 543, 313, 2443, 3710, 2438, 101, 129, 231, 3402, 3432, 3242, 138, 2500, 1224, 2179, 1861, 3451, 1667, 481, 255, 3279, 2528, 3394, 3316, 3233, 947, 3483, 3722, 3056, 77, 3358, 204, 3398, 3378, 2176, 973, 1035, 566, 1819, 2475, 2508, 3227]",,,,,88.0,0.13927883571375285,0.13781385901530668,-0.6484858269565681,0.9093295844662379,0.581170498051143,0.5,10,0.824242913478284,0.01558237616571767,-0.03736514546243164,,0.7260503505130118,full_model_k_coreset_to_labeled,,,,88.0,False,0.005167348243285685,0.7639976558312149
14,10,0.7266325103687833,0.8151515750366451,1295,0.5754128736026375,88.0,ad_kucs,ADKUCSSampler,coreset_to_labeled,后期阶段，mIoU轻微下降，调整λ至0.9以增强知识增益探索，基于高K得分选择样本以提升多样性和覆盖未标注空间，应对性能回撤风险。,"[2741, 3146, 1720, 2551, 1566, 2488, 995, 1522, 1169, 2104, 1082, 2530, 1586, 2038, 3662, 2940, 485, 2510, 2222, 620, 2546, 2521, 1495, 2451, 1489, 2035, 2853, 2714, 1905, 3236, 898, 1813, 3726, 1853, 2491, 3421, 3577, 2061, 1567, 1619, 1838, 1794, 591, 2108, 3376, 1069, 1386, 663, 3472, 177, 1990, 1430, 1734, 1993, 1869, 3380, 3464, 1634, 823, 3469, 672, 1127, 3147, 264, 2622, 2130, 711, 1128, 1235, 1615, 3278, 1432, 3191, 1721, 1251, 751, 3425, 3422, 3430, 3194, 1535, 1903, 2545, 2040, 2631, 1860, 3517, 3133]",,,,,88.0,0.230817427166809,0.46892981952574464,-0.6521007010260237,0.9127604209032056,0.5754128736026375,0.4,10,0.7260503505130118,-0.03736514546243164,0.03645691361553982,0.9,0.7595909333818543,full_model_k_coreset_to_labeled,0.9,0.9,,88.0,False,-0.01466001154285268,0.7493376442883622
15,10,0.7630894239843231,0.8471449417349,1383,-0.27534811896631095,,,,,,,,,,,,0.1873663918388893,0.21053799795674105,-0.4438337477973977,0.9323333136063011,-0.27534811896631095,0.4,10,0.7595909333818543,0.03645691361553982,,,,full_model_k_coreset_to_labeled,,,,,,,
